Time_Stamp,latitude,longitude,altitude,PACK_Q_SOC_INTERNAL,PACK_Q_SOC_TRIMMED,CELL_V_MIN_VAL,CELL_V_MAX_VAL,CELL_V_AVG,PACK_V_SUM_OF_CELLS,vehicle_speed,Torque_Measured,Torque_Request,MotorTemperature,Odometer,DC_Link_Voltage,DC_Link_Current,Speed_Measured,right_indicator,left_indicator_st,brightness_st,charging_status,Charge_Voltage,Charge_Current,charging_plug_feedback,park_brake_st,R_position_selected,D_position_selected,CELL_T_MIN_ID_CMU,CELL_T_MAX_ID_CMU
2024-06-26 16:59:01,39.747124166666666,30.4748985,821.4,66.39,65.29,3296.6200000000003,3304.8,3302.0600000000004,49.52,2.5294117647058822,45.48,45.64705882352941,75.0,326.40000000000003,49.255,74.08,237.38,OFF,OFF,Night mode,OFF,54.8,35.0,OFF,OFF,Not pressed,Pressed,0.0,0.0
2024-06-26 16:59:02,39.74711973461379,30.474897583023544,821.4,66.386,65.286,3285.85,3297.9700000000003,3294.65,49.42,3.5303030303030303,57.03,57.30303030303031,75.0,326.40000000000003,48.96,115.58,331.51,OFF,OFF,Night mode,OFF,54.8,35.0,OFF,OFF,Not pressed,Pressed,0.0,0.0
2024-06-26 16:59:03,39.747111077777774,30.47489918168724,819.7,66.376,65.276,3277.13,3287.4300000000003,3283.95,49.260000000000005,6.338235294117647,61.0,61.0,75.0,326.40000000000003,48.6025,158.92,570.02,OFF,OFF,Night mode,OFF,54.8,35.0,OFF,OFF,Not pressed,Pressed,0.0,0.0
2024-06-26 16:59:04,39.74710618463445,30.47490609417596,819.7,66.363,65.263,3258.3900000000003,3277.35,3272.5800000000004,49.09,9.848484848484848,61.0,61.0,75.0,326.40000000000003,48.225,202.24,868.88,OFF,OFF,Night mode,OFF,54.8,35.0,OFF,OFF,Not pressed,Pressed,0.0,0.0
2024-06-26 16:59:05,39.74710644527363,30.474924412935323,819.7,66.346,65.24600000000001,3243.3100000000004,3267.8100000000004,3261.51,48.93,13.833333333333334,61.0,61.0,75.04,326.40000000000003,47.82,253.48,1214.7,OFF,OFF,Night mode,OFF,54.8,35.0,OFF,OFF,Not pressed,Pressed,0.0,0.0
2024-06-26 16:59:06,39.74711362033621,30.474960389708897,819.9,66.325,65.21600000000001,3220.24,3253.67,3244.2500000000005,48.66,18.279411764705884,60.885,61.0,75.22,326.40000000000003,47.47625,309.12,1596.18,OFF,OFF,Night mode,OFF,54.8,35.0,OFF,OFF,Not pressed,Pressed,0.0,0.0
2024-06-26 16:59:07,39.74711908923396,30.47500786376812,822.1,66.3,65.19,3211.7300000000005,3248.8900000000003,3240.12,48.59,22.75757575757576,52.19375,58.54545454545455,75.66,326.40000000000003,47.49,307.48,1974.94,OFF,OFF,Night mode,OFF,54.8,35.0,OFF,OFF,Not pressed,Pressed,0.0,0.0
2024-06-26 16:59:08,39.74712254419661,30.47506722325485,822.3,66.27799999999999,65.168,3238.0800000000004,3258.8900000000003,3252.02,48.790000000000006,25.666666666666668,33.494375,33.63636363636363,75.68,326.40000000000003,47.97625,217.86,2223.4,OFF,OFF,Night mode,OFF,54.8,35.0,OFF,OFF,Not pressed,Pressed,0.0,0.0
2024-06-26 16:59:09,39.74712987530864,30.47513802098765,822.3,66.264,65.154,3257.19,3272.03,3267.29,49.010000000000005,26.808823529411764,25.0,25.0,75.96,326.40000000000003,48.365,156.76,2314.19,OFF,OFF,Night mode,OFF,54.8,35.0,OFF,OFF,Not pressed,Pressed,0.0,0.0
2024-06-26 16:59:10,39.74713484283354,30.47521611049153,822.6,66.252,65.14200000000001,3257.0600000000004,3273.3900000000003,3268.8,49.04,27.28787878787879,24.69,24.666666666666668,76.0,326.40000000000003,48.3675,159.2,2361.8,OFF,OFF,Night mode,OFF,54.8,35.0,OFF,OFF,Not pressed,Pressed,0.0,0.0
2024-06-26 16:59:11,39.74713934803313,30.475297848654243,822.7,66.238,65.128,3252.28,3272.21,3266.52,49.0,27.924242424242426,24.0,24.0,76.1,326.40000000000003,48.38375,159.26,2413.49,OFF,OFF,Night mode,OFF,54.8,35.0,OFF,OFF,Not pressed,Pressed,0.0,0.0
2024-06-26 16:59:12,39.74713936326364,30.475378910619103,823.0,66.226,65.11600000000001,3251.99,3271.27,3265.69,48.99,28.47058823529412,23.37,23.352941176470587,76.18,326.40000000000003,48.385,159.96,2464.9,OFF,OFF,Night mode,OFF,54.8,35.0,OFF,OFF,Not pressed,Pressed,0.0,0.0
2024-06-26 16:59:13,39.74714133830845,30.47546468159204,823.3,66.21400000000001,65.104,3253.3300000000004,3269.9300000000003,3264.45,48.970000000000006,28.984848484848484,24.23,24.27272727272728,76.4,326.40000000000003,48.3025,172.12,2502.83,OFF,OFF,Night mode,OFF,54.8,35.0,OFF,OFF,Not pressed,Pressed,0.0,0.0
2024-06-26 16:59:14,39.74714225795126,30.47554527922346,823.5,66.199,65.089,3249.78,3268.53,3263.37,48.95,29.484848484848484,22.73,22.666666666666668,76.44,326.40000000000003,48.335,168.04,2544.82,OFF,OFF,Night mode,OFF,54.8,35.0,OFF,OFF,Not pressed,Pressed,0.0,0.0
2024-06-26 16:59:15,39.74713989711935,30.475628950617285,823.8,66.186,65.076,3257.09,3271.5800000000004,3266.8100000000004,49.0,29.544117647058822,21.0,21.0,76.52,326.4235294117648,48.3975,149.86,2559.29,OFF,OFF,Night mode,OFF,54.8,35.0,OFF,OFF,Not pressed,Pressed,0.0,0.0
2024-06-26 16:59:16,39.7471355119637,30.47571402887789,824.2,66.174,65.06400000000001,3252.75,3271.8100000000004,3266.5600000000004,49.0,29.74242424242424,20.59,20.51515151515152,76.56,326.5,48.4175,148.1,2567.43,OFF,OFF,Night mode,OFF,54.8,35.0,OFF,OFF,Not pressed,Pressed,0.0,0.0
2024-06-26 16:59:17,39.74713120522388,30.475799119402986,824.2,66.163,65.053,3267.5800000000004,3279.79,3276.01,49.13,29.53030303030303,13.95,13.848484848484848,76.72,326.5,48.7425,96.4,2548.1,OFF,OFF,Night mode,OFF,54.8,35.0,OFF,OFF,Not pressed,Pressed,0.0,0.0
2024-06-26 16:59:18,39.74712655699057,30.47588484870849,824.4,66.15799999999999,65.048,3272.0600000000004,3283.2,3279.61,49.2,28.72058823529412,13.29,13.323529411764708,76.64,326.5,48.825,89.88,2477.85,OFF,OFF,Night mode,OFF,54.8,35.0,OFF,OFF,Not pressed,Pressed,0.0,0.0
2024-06-26 16:59:19,39.74712366915424,30.47597004726368,824.9,66.15,65.04,3268.99,3281.5,3277.5700000000006,49.18,28.03030303030303,15.81,15.909090909090908,76.76,326.5,48.72,105.9,2421.14,OFF,OFF,Night mode,OFF,54.8,35.0,OFF,OFF,Not pressed,Pressed,0.0,0.0
2024-06-26 16:59:20,39.74712198409748,30.47604809665427,825.0,66.14,65.03,3264.04,3278.7700000000004,3274.46,49.1,27.96969696969697,17.97,18.0,76.8,326.5,48.63625,118.36,2403.08,OFF,OFF,Night mode,OFF,54.8,35.0,OFF,OFF,Not pressed,Pressed,0.0,0.0
2024-06-26 16:59:21,39.74712091481481,30.47612973333333,825.2,66.13,65.02,3263.85,3278.0,3274.03,49.1,28.0,18.0,18.0,76.7,326.5,48.6225,119.08,2417.97,OFF,OFF,Night mode,OFF,54.8,35.0,OFF,OFF,Not pressed,Pressed,0.0,0.0
2024-06-26 16:59:22,39.74711947459727,30.476211063816603,825.1,66.12100000000001,65.011,3264.29,3278.3,3273.76,49.1,28.46969696969697,18.0,18.0,76.8,326.5,48.6425,121.18,2463.95,OFF,OFF,Night mode,OFF,54.8,35.0,OFF,OFF,Not pressed,Pressed,0.0,0.0
2024-06-26 16:59:23,39.74712007545605,30.476289928689884,825.4,66.111,65.001,3264.1600000000003,3277.59,3273.59,49.1,28.57575757575757,18.0,18.0,76.84,326.5,48.56875,121.6,2473.98,OFF,OFF,Night mode,OFF,54.8,35.0,OFF,OFF,Not pressed,Pressed,0.0,0.0
2024-06-26 16:59:24,39.747120757892574,30.476371830873305,825.8,66.102,64.99199999999999,3264.02,3277.36,3273.0,49.1,28.926470588235293,18.0,18.0,76.92,326.5,48.59625,122.34,2494.6,OFF,OFF,Night mode,OFF,54.8,35.0,OFF,OFF,Not pressed,Pressed,0.0,0.0
2024-06-26 16:59:25,39.7471220358178,30.47645587101449,826.0,66.09200000000001,64.982,3265.07,3276.86,3272.94,49.1,29.0,18.0,18.0,76.8,326.5,48.61125,122.68,2506.61,OFF,OFF,Night mode,OFF,54.8,35.0,OFF,OFF,Not pressed,Pressed,0.0,0.0
2024-06-26 16:59:26,39.74712231743081,30.47653425609252,826.0,66.082,64.97200000000001,3265.59,3278.26,3274.26,49.1,29.0,16.5,16.454545454545453,76.86,326.5,48.6675,112.94,2508.64,OFF,OFF,Night mode,OFF,54.8,35.0,OFF,OFF,Not pressed,Pressed,0.0,0.0
2024-06-26 16:59:27,39.74712064485597,30.47661810864197,826.0,66.07300000000001,64.96300000000001,3266.2200000000003,3278.53,3274.8300000000004,49.1,29.0,16.57,16.58823529411765,76.88,326.5,48.64625,114.24,2511.42,OFF,OFF,Night mode,OFF,54.8,35.0,OFF,OFF,Not pressed,Pressed,0.0,0.0
2024-06-26 16:59:28,39.74711956567534,30.47670081412639,826.1,66.06400000000001,64.95400000000001,3265.9700000000003,3277.6200000000003,3273.8100000000004,49.1,29.166666666666668,17.0,17.0,76.88,326.5,48.6525,117.68,2523.96,OFF,OFF,Night mode,OFF,54.8,35.0,OFF,OFF,Not pressed,Pressed,0.0,0.0
2024-06-26 16:59:29,39.74712056509121,30.47678057089552,826.2,66.05499999999999,64.94500000000001,3266.3900000000003,3279.2200000000003,3275.0200000000004,49.120000000000005,29.5,15.03,14.848484848484848,76.96,326.5,48.72125,103.32,2538.78,OFF,OFF,Night mode,OFF,54.8,35.0,OFF,OFF,Not pressed,Pressed,0.0,0.0
2024-06-26 16:59:30,39.74711990713408,30.476864531365315,826.2,66.05,64.94,3300.6600000000008,3313.79,3307.6400000000003,49.64,27.573529411764707,-13.4775,-13.882352941176473,76.9,326.59117647058827,49.88625,-62.44,2381.01,OFF,OFF,Night mode,OFF,54.8,35.0,OFF,OFF,Not pressed,Pressed,0.0,0.0
2024-06-26 16:59:31,39.7471219925373,30.47694633830845,826.4,66.057,64.947,3295.6100000000006,3306.2700000000004,3302.1100000000006,49.53,24.60606060606061,1.228125,2.0303030303030303,76.92,326.6,49.4025,13.06,2126.36,OFF,OFF,Night mode,OFF,54.8,35.0,OFF,OFF,Not pressed,Pressed,0.0,0.0
2024-06-26 16:59:32,39.74712459211069,30.477022216439487,826.7,66.05,64.94,3284.88,3293.38,3290.4700000000003,49.370000000000005,23.59090909090909,9.93,10.0,76.94,326.6,49.095,57.38,2038.66,OFF,OFF,Night mode,OFF,54.8,35.0,OFF,OFF,Not pressed,Pressed,0.0,0.0
2024-06-26 16:59:33,39.74713339273927,30.477089382838283,826.6,66.048,64.938,3276.19,3287.45,3283.95,49.25000000000001,23.205882352941178,16.41,16.58823529411765,76.94,326.6,48.84125,93.66,2009.14,OFF,OFF,Night mode,OFF,54.8,35.0,OFF,OFF,Not pressed,Pressed,0.0,0.0
2024-06-26 16:59:34,39.747147325907584,30.477156333333333,826.7,66.03800000000001,64.92800000000001,3266.0600000000004,3279.56,3275.32,49.120000000000005,23.5,23.42,23.63636363636364,76.96,326.6,48.5725,134.64,2028.83,OFF,OFF,Night mode,OFF,54.8,35.0,OFF,OFF,Not pressed,Pressed,0.0,0.0
2024-06-26 16:59:35,39.74716920646765,30.477217963515752,822.4,66.027,64.917,3259.19,3275.28,3270.92,49.07,24.07575757575757,26.51,26.57575757575757,76.96,326.6,48.40125,155.54,2078.36,OFF,OFF,Night mode,OFF,54.8,35.0,OFF,OFF,Not pressed,Pressed,0.0,0.0
2024-06-26 16:59:36,39.74720381693317,30.477265970889707,826.8,66.014,64.904,3250.4800000000005,3269.24,3263.99,48.96,25.19117647058824,28.761875,28.73529411764705,76.9,326.6,48.2825,174.34,2177.76,OFF,OFF,Night mode,OFF,54.8,35.0,OFF,OFF,Not pressed,Pressed,0.0,0.0
2024-06-26 16:59:37,39.74724581426203,30.477305177031507,826.7,66.001,64.89,3250.28,3268.1400000000003,3263.0800000000004,48.96,26.5,27.67,27.63636363636364,77.0,326.6,48.265,175.82,2293.75,OFF,OFF,Night mode,OFF,54.8,35.0,OFF,OFF,Not pressed,Pressed,0.0,0.0
2024-06-26 16:59:38,39.747297141470455,30.47733789900867,821.9,65.986,64.86600000000001,3254.1600000000003,3269.57,3264.3300000000004,48.96,27.727272727272727,24.49,24.393939393939394,77.04,326.6,48.345,160.64,2398.59,OFF,OFF,Night mode,OFF,54.8,35.0,OFF,OFF,Not pressed,Pressed,0.0,0.0
2024-06-26 16:59:39,39.747350233333336,30.477364291563788,822.1,65.974,64.854,3256.3100000000004,3271.2200000000003,3266.99,49.0,28.73529411764705,21.26,21.205882352941178,77.0,326.6,48.49125,143.98,2481.54,OFF,OFF,Night mode,OFF,54.8,35.0,OFF,OFF,Not pressed,Pressed,0.0,0.0
2024-06-26 16:59:40,39.74740501425031,30.47738932899628,822.3,65.96300000000001,64.843,3260.88,3273.82,3269.4100000000003,49.03,29.28787878787879,19.13,19.09090909090909,77.0,326.6,48.5425,129.56,2532.61,OFF,OFF,Night mode,OFF,54.8,35.0,OFF,OFF,Not pressed,Pressed,0.0,0.0
2024-06-26 16:59:41,39.747464946932006,30.47741678689884,822.3,65.953,64.833,3255.1600000000003,3275.01,3269.26,49.03,29.69696969696969,18.99,18.96969696969697,77.04,326.6,48.49875,132.44,2567.73,OFF,OFF,Night mode,OFF,54.8,35.0,OFF,OFF,Not pressed,Pressed,0.0,0.0
2024-06-26 16:59:42,39.74752698482985,30.477447054120542,822.5,65.942,64.822,3261.34,3276.3100000000004,3271.61,49.06,30.0,16.57,16.41176470588235,77.04,326.6,48.61875,116.12,2599.54,OFF,OFF,Night mode,OFF,54.8,35.0,OFF,OFF,Not pressed,Pressed,0.0,0.0
2024-06-26 16:59:43,39.74758966459628,30.47747787826087,822.5,65.934,64.81400000000001,3273.4700000000003,3284.29,3280.71,49.2,29.803030303030305,10.38,10.242424242424242,77.0,326.6,48.91125,71.68,2574.57,OFF,OFF,Night mode,OFF,54.8,35.0,OFF,OFF,Not pressed,Pressed,0.0,0.0
2024-06-26 16:59:44,39.7476514874019,30.47750559066501,822.8,65.93,64.81,3279.6800000000003,3288.7,3285.6400000000003,49.3,28.848484848484848,8.03,8.0,77.0,326.6,49.04,54.66,2490.67,OFF,OFF,Night mode,OFF,54.8,35.0,OFF,OFF,Not pressed,Pressed,0.0,0.0
2024-06-26 16:59:45,39.74771129506173,30.477532383950614,828.0,65.924,64.804,3280.3300000000004,3289.4300000000003,3286.34,49.3,27.455882352941178,8.87,8.882352941176471,77.04,326.6558823529412,49.0325,58.22,2371.71,OFF,OFF,Night mode,OFF,54.8,35.0,OFF,OFF,Not pressed,Pressed,0.0,0.0
2024-06-26 16:59:46,39.74777524266832,30.477562756505577,828.3,65.92,64.8,3280.3200000000006,3289.4700000000003,3286.25,49.3,25.78787878787879,10.39,10.515151515151516,77.04,326.70000000000005,48.98875,64.58,2230.83,OFF,OFF,Night mode,OFF,54.8,35.0,OFF,OFF,Not pressed,Pressed,0.0,0.0
2024-06-26 16:59:47,39.74783248175788,30.47759759660033,828.6,65.914,64.79400000000001,3272.96,3282.6800000000003,3279.24,49.190000000000005,24.37878787878788,17.86,18.03030303030303,77.06,326.70000000000005,48.7025,106.68,2107.64,OFF,OFF,Night mode,OFF,54.8,35.0,OFF,OFF,Not pressed,Pressed,0.0,0.0
2024-06-26 16:59:48,39.74788029479295,30.47763011172612,829.2,65.904,64.784,3258.61,3275.44,3271.0800000000004,49.07,23.61764705882353,25.26,25.44117647058824,77.06,326.70000000000005,48.44,146.38,2042.92,OFF,OFF,Night mode,OFF,54.8,35.0,OFF,OFF,Not pressed,Pressed,0.0,0.0
2024-06-26 16:59:49,39.74792399626866,30.477665383913763,829.6,65.89200000000001,64.772,3252.8300000000004,3269.84,3265.15,49.0,23.348484848484848,29.16,29.24242424242424,77.06,326.70000000000005,48.3025,165.14,2014.73,OFF,OFF,Night mode,OFF,54.8,35.0,OFF,OFF,Not pressed,Pressed,0.0,0.0
2024-06-26 16:59:50,39.74797006319702,30.477703342420487,829.8,65.878,64.75800000000001,3252.6400000000003,3269.28,3263.78,48.970000000000006,23.5,29.69,29.666666666666668,77.1,326.70000000000005,48.28125,168.14,2025.14,OFF,OFF,Night mode,OFF,54.8,35.0,OFF,OFF,Not pressed,Pressed,0.0,0.0
2024-06-26 16:59:51,39.748016676954734,30.477745674897115,830.2,65.865,64.74499999999999,3249.55,3267.77,3262.77,48.95,24.205882352941178,28.87,28.823529411764707,77.16,326.70000000000005,48.26125,169.08,2093.89,OFF,OFF,Night mode,OFF,54.8,35.0,OFF,OFF,Not pressed,Pressed,0.0,0.0
2024-06-26 16:59:52,39.74805277942998,30.47778702437009,830.3,65.853,64.733,3253.62,3266.35,3261.4,48.92,25.303030303030305,27.65,27.60606060606061,77.26,326.70000000000005,48.29125,169.34,2186.91,OFF,OFF,Night mode,OFF,54.8,35.0,OFF,OFF,Not pressed,Pressed,0.0,0.0
2024-06-26 16:59:53,39.74809213768116,30.47783452795031,830.4,65.838,64.718,3248.96,3266.57,3261.2300000000005,48.93000000000001,26.666666666666668,25.73,25.63636363636364,77.3,326.70000000000005,48.30125,163.98,2308.11,OFF,OFF,Night mode,OFF,54.8,35.0,OFF,OFF,Not pressed,Pressed,0.0,0.0
2024-06-26 16:59:54,39.74812374641245,30.477886678556786,830.4,65.826,64.706,3255.96,3270.1400000000003,3265.8900000000003,49.0,27.779411764705884,20.65,20.294117647058822,77.18,326.70000000000005,48.495,134.3,2398.58,OFF,OFF,Night mode,OFF,54.8,35.0,OFF,OFF,Not pressed,Pressed,0.0,0.0
2024-06-26 16:59:55,39.74815360281923,30.477947808872308,828.4,65.82000000000001,64.7,3283.66,3295.59,3289.9300000000003,49.34,27.46969696969697,-2.019375,-3.1515151515151514,77.14,326.70000000000005,49.43375,-1.56,2374.87,OFF,OFF,Night mode,OFF,54.8,35.0,OFF,OFF,Not pressed,Pressed,0.0,0.0
2024-06-26 16:59:56,39.748184680710445,30.478012620198268,830.2,65.82000000000001,64.7,3289.6600000000008,3300.29,3295.9200000000005,49.440000000000005,25.62121212121212,3.9425,4.818181818181818,77.14,326.70000000000005,49.22125,29.32,2213.82,OFF,OFF,Night mode,OFF,54.8,35.0,OFF,OFF,Not pressed,Pressed,0.0,0.0
2024-06-26 16:59:57,39.74821547839506,30.478075212962963,828.6,65.816,64.696,3272.92,3284.26,3280.53,49.2,25.676470588235293,14.36,14.411764705882351,77.28,326.70000000000005,48.82375,89.02,2218.81,OFF,OFF,Night mode,OFF,54.8,35.0,OFF,OFF,Not pressed,Pressed,0.0,0.0
2024-06-26 16:59:58,39.74824267286245,30.478138598513013,830.4,65.81,64.69,3271.9700000000003,3283.74,3280.04,49.2,26.318181818181817,13.73,13.606060606060606,77.3,326.70000000000005,48.835,85.46,2269.94,OFF,OFF,Night mode,OFF,54.8,35.0,OFF,OFF,Not pressed,Pressed,0.0,0.0
2024-06-26 16:59:59,39.7482631511194,30.47820811442786,830.5,65.8,64.68,3283.2700000000004,3292.2200000000003,3288.9300000000003,49.34,26.12121212121212,3.351875,2.515151515151515,77.36,326.70000000000005,49.24625,26.44,2255.62,OFF,OFF,Night mode,OFF,54.8,35.0,OFF,OFF,Not pressed,Pressed,0.0,0.0
2024-06-26 17:00:00,39.74827504223042,30.478272114596145,828.7,65.804,64.684,3308.34,3323.2200000000003,3315.7300000000005,49.73,23.63235294117647,-18.8,-18.852941176470587,77.48,326.70000000000005,50.01875,-73.24,2040.6,OFF,OFF,Night mode,OFF,54.8,35.0,OFF,OFF,Not pressed,Pressed,0.0,0.0
2024-06-26 17:00:01,39.74829398134329,30.47834089614428,830.7,65.81,64.69,3302.36,3313.05,3308.5,49.620000000000005,20.5,-5.09875,-3.787878787878788,77.62,326.71818181818185,49.60625,-10.42,1776.63,OFF,OFF,Night mode,OFF,54.8,35.0,OFF,OFF,Not pressed,Pressed,0.0,0.0
2024-06-26 17:00:02,39.74830881415017,30.47840540552805,830.8,65.81,64.69,3283.51,3292.9300000000003,3289.75,49.330000000000005,20.01515151515152,12.62,12.424242424242424,77.38,326.8,49.0575,63.76,1738.92,OFF,OFF,Night mode,OFF,54.8,35.0,OFF,OFF,Not pressed,Pressed,0.0,0.0
2024-06-26 17:00:03,39.74831853209877,30.4784636345679,830.8,65.804,64.684,3302.16,3312.69,3308.3300000000004,49.620000000000005,18.808823529411764,-13.0,-13.617647058823527,77.42,326.8,49.85375,-37.52,1630.6,OFF,OFF,Night mode,OFF,54.8,35.0,OFF,OFF,Not pressed,Pressed,0.0,0.0
2024-06-26 17:00:04,39.74832714684015,30.47851869640644,830.8,65.81,64.69,3305.79,3315.53,3312.1800000000003,49.7,15.515151515151516,-13.94,-13.363636363636363,77.58,326.8,49.81125,-31.62,1351.35,OFF,OFF,Night mode,OFF,54.8,35.0,OFF,OFF,Not pressed,Pressed,0.0,0.0
2024-06-26 17:00:05,39.74833477238806,30.478568864427857,831.0,65.81,64.69,3283.65,3295.56,3292.2700000000004,49.38,13.909090909090908,21.21625,22.363636363636363,77.58,326.8,48.9575,87.18,1216.27,OFF,OFF,Night mode,OFF,54.8,35.0,OFF,OFF,Not pressed,Pressed,0.0,0.0
2024-06-26 17:00:06,39.748341518860194,30.478610682656825,831.0,65.799,64.679,3266.44,3278.4,3274.38,49.120000000000005,16.897058823529413,35.28,35.588235294117645,77.52,326.8,48.45,159.12,1473.5,OFF,OFF,Night mode,OFF,54.8,35.0,OFF,OFF,Not pressed,Pressed,0.0,0.0
2024-06-26 17:00:07,39.74834322595356,30.478654162935324,831.0,65.785,64.66499999999999,3241.8,3265.07,3259.11,48.870000000000005,20.560606060606062,42.94,42.96969696969697,77.78,326.8,47.97375,228.54,1781.98,OFF,OFF,Night mode,OFF,54.8,35.0,OFF,OFF,Not pressed,Pressed,0.0,0.0
2024-06-26 17:00:08,39.74835132383313,30.478704752788104,831.0,65.767,64.647,3244.21,3263.5000000000005,3258.19,48.86,23.954545454545453,33.63,33.15151515151515,77.74,326.8,48.12375,196.34,2073.59,OFF,OFF,Night mode,OFF,54.8,35.0,OFF,OFF,Not pressed,Pressed,0.0,0.0
2024-06-26 17:00:09,39.74835928436214,30.47876191358025,831.0,65.75399999999999,64.63399999999999,3258.7,3273.28,3268.78,49.03,26.044117647058822,22.05,21.529411764705884,77.88,326.8,48.49875,135.32,2252.89,OFF,OFF,Night mode,OFF,54.8,35.0,OFF,OFF,Not pressed,Pressed,0.0,0.0
2024-06-26 17:00:10,39.74836859355639,30.478825361627425,830.9,65.747,64.627,3278.09,3287.74,3284.3900000000003,49.28000000000001,26.560606060606062,10.06,9.93939393939394,77.94,326.8,48.9775,62.76,2303.74,OFF,OFF,Night mode,OFF,54.8,35.0,OFF,OFF,Not pressed,Pressed,0.0,0.0
2024-06-26 17:00:11,39.74838152484472,30.478890722360244,831.0,65.74,64.62,3276.78,3286.34,3283.1,49.24,26.893939393939394,12.46,12.515151515151516,77.92,326.8,48.885,80.52,2325.59,OFF,OFF,Night mode,OFF,54.8,35.0,OFF,OFF,Not pressed,Pressed,0.0,0.0
2024-06-26 17:00:12,39.74840109081591,30.47896046924969,830.9,65.733,64.613,3273.27,3285.1400000000003,3281.4300000000003,49.2,27.47058823529412,13.0,13.0,78.0,326.8,48.85625,84.98,2374.07,OFF,OFF,Night mode,OFF,54.8,35.0,OFF,OFF,Not pressed,Pressed,0.0,0.0
2024-06-26 17:00:13,39.74842616106965,30.47903048797678,830.7,65.72900000000001,64.60900000000001,3276.4700000000003,3286.41,3282.9100000000008,49.220000000000006,28.10606060606061,11.7875,11.575757575757576,77.94,326.8,48.905,78.54,2422.3,OFF,OFF,Night mode,OFF,54.8,35.0,OFF,OFF,Not pressed,Pressed,0.0,0.0
2024-06-26 17:00:14,39.74845878727799,30.479107266831885,830.7,65.721,64.601,3297.88,3309.55,3304.24,49.56,27.78787878787879,-7.251875,-7.696969696969697,77.96,326.8,49.72125,-33.94,2399.13,OFF,OFF,Night mode,OFF,54.8,35.0,OFF,OFF,Not pressed,Pressed,0.0,0.0
2024-06-26 17:00:15,39.748492566049386,30.479178522427983,830.6,65.728,64.60799999999999,3291.4,3300.3200000000006,3297.1200000000003,49.46,26.97058823529412,4.88,5.176470588235294,78.02,326.8,49.2675,32.8,2329.86,OFF,OFF,Night mode,OFF,54.8,35.0,OFF,OFF,Not pressed,Pressed,0.0,0.0
2024-06-26 17:00:16,39.74852836086957,30.479243792960663,830.6,65.72,64.6,3287.69,3295.91,3293.1200000000003,49.400000000000006,27.37878787878788,7.0,7.0,78.1,326.8,49.16625,46.18,2368.45,OFF,OFF,Night mode,OFF,54.8,35.0,OFF,OFF,Not pressed,Pressed,0.0,0.0
2024-06-26 17:00:17,39.7485615787728,30.47931024543947,830.5,65.72,64.6,3287.13,3295.6,3292.6400000000003,49.400000000000006,28.03030303030303,7.0,7.0,78.04,326.8,49.15875,47.16,2418.64,OFF,OFF,Night mode,OFF,54.8,35.0,OFF,OFF,Not pressed,Pressed,0.0,0.0
2024-06-26 17:00:18,39.748596577285774,30.479376759122587,830.4,65.71300000000001,64.593,3286.88,3295.53,3292.65,49.400000000000006,28.73529411764705,7.0,6.970588235294118,78.06,326.8,49.15875,48.4,2483.85,OFF,OFF,Night mode,OFF,54.8,35.0,OFF,OFF,Not pressed,Pressed,0.0,0.0
2024-06-26 17:00:19,39.74863187163561,30.47944555900621,827.8,65.71000000000001,64.59,3300.24,3312.54,3306.4200000000005,49.60000000000001,29.09090909090909,-7.29875,-8.393939393939394,78.1,326.88484848484853,49.76125,-35.34,2511.04,OFF,OFF,Night mode,OFF,54.8,35.0,OFF,OFF,Not pressed,Pressed,0.0,0.0
2024-06-26 17:00:20,39.74866611400248,30.47951865303593,830.1,65.718,64.598,3316.3700000000003,3331.65,3323.51,49.86,27.28787878787879,-19.0,-19.0,78.04,326.90000000000003,50.15375,-83.82,2353.89,OFF,OFF,Night mode,OFF,54.8,35.0,OFF,OFF,Not pressed,Pressed,0.0,0.0
2024-06-26 17:00:21,39.74869870848785,30.479589680675733,829.9,65.724,64.604,3314.88,3326.1600000000008,3322.0600000000004,49.82000000000001,25.11764705882353,-14.8,-14.0,78.02,326.90000000000003,50.03875,-59.04,2175.74,OFF,OFF,Night mode,OFF,54.8,35.0,OFF,OFF,Not pressed,Pressed,0.0,0.0
2024-06-26 17:00:22,39.74872848927393,30.47965670049505,829.7,65.727,64.607,3295.3700000000003,3303.8600000000006,3301.0,49.510000000000005,25.181818181818183,7.07,7.454545454545454,78.12,326.90000000000003,49.28375,44.08,2176.87,OFF,OFF,Night mode,OFF,54.8,35.0,OFF,OFF,Not pressed,Pressed,0.0,0.0
2024-06-26 17:00:23,39.74875975456053,30.479721211442783,829.5,65.72,64.6,3291.1200000000003,3299.6,3296.8,49.46,26.424242424242426,8.0,8.0,77.98,326.90000000000003,49.20375,50.64,2285.38,OFF,OFF,Night mode,OFF,54.8,35.0,OFF,OFF,Not pressed,Pressed,0.0,0.0
2024-06-26 17:00:24,39.74878591522988,30.47978769396552,829.4,65.72,64.6,3293.5200000000004,3302.3,3299.35,49.48,27.455882352941178,2.178125,1.1764705882352942,78.0,326.90000000000003,49.4325,20.06,2368.49,OFF,OFF,Night mode,OFF,54.8,35.0,OFF,OFF,Not pressed,Pressed,0.0,0.0
2024-06-26 17:00:25,39.74880937681159,30.479858332919257,829.3,65.72,64.6,3317.4700000000003,3330.7200000000003,3324.86,49.89,26.303030303030305,-18.6,-18.727272727272727,78.02,326.90000000000003,50.20875,-82.8,2269.9,OFF,OFF,Night mode,OFF,54.8,35.0,OFF,OFF,Not pressed,Pressed,0.0,0.0
2024-06-26 17:00:26,39.748835956629485,30.479925308550182,829.4,65.727,64.607,3306.61,3317.25,3312.6200000000003,49.690000000000005,25.0,-1.310625,-0.4848484848484848,78.04,326.90000000000003,49.62125,1.52,2162.67,OFF,OFF,Night mode,OFF,54.8,35.0,OFF,OFF,Not pressed,Pressed,0.0,0.0
2024-06-26 17:00:27,39.7488660037037,30.4799887654321,829.4,65.72,64.6,3293.9300000000003,3302.46,3299.6800000000003,49.5,25.61764705882353,7.39,7.411764705882353,78.12,326.90000000000003,49.28375,46.2,2216.7,OFF,OFF,Night mode,OFF,54.8,35.0,OFF,OFF,Not pressed,Pressed,0.0,0.0
2024-06-26 17:00:28,39.748895675742574,30.480052521452144,829.3,65.72,64.6,3290.0700000000006,3298.53,3295.8200000000006,49.43000000000001,26.848484848484848,9.99,10.12121212121212,78.14,326.90000000000003,49.12625,65.46,2316.58,OFF,OFF,Night mode,OFF,54.8,35.0,OFF,OFF,Not pressed,Pressed,0.0,0.0
2024-06-26 17:00:29,39.74892694154229,30.48011585199005,829.3,65.71200000000002,64.59200000000001,3284.45,3296.04,3292.55,49.400000000000006,28.12121212121212,11.0,11.0,78.1,326.90000000000003,49.0525,74.06,2426.34,OFF,OFF,Night mode,OFF,54.8,35.0,OFF,OFF,Not pressed,Pressed,0.0,0.0
2024-06-26 17:00:30,39.7489568411234,30.480186998359983,826.9,65.71000000000001,64.59,3286.78,3295.5800000000004,3292.5200000000004,49.400000000000006,29.308823529411764,10.27,10.235294117647058,77.98,326.90000000000003,49.07375,70.3,2527.55,OFF,OFF,Night mode,OFF,54.8,35.0,OFF,OFF,Not pressed,Pressed,0.0,0.0
2024-06-26 17:00:31,39.748986756218905,30.48026230970149,829.2,65.7,64.58,3289.1400000000003,3298.0700000000006,3295.2300000000005,49.43000000000001,30.21212121212121,5.58,4.727272727272728,78.0,326.90000000000003,49.27875,42.18,2604.27,OFF,OFF,Night mode,OFF,54.8,35.0,OFF,OFF,Not pressed,Pressed,0.0,0.0
2024-06-26 17:00:32,39.74901635563817,30.48033773853779,829.2,65.703,64.583,3316.1800000000003,3331.99,3323.79,49.870000000000005,28.83333333333333,-17.19,-17.424242424242426,78.04,326.90000000000003,50.215,-86.04,2487.74,OFF,OFF,Night mode,OFF,54.8,35.0,OFF,OFF,Not pressed,Pressed,0.0,0.0
2024-06-26 17:00:33,39.74904674403293,30.480412572839505,829.5,65.71000000000001,64.59,3320.5700000000006,3335.19,3327.88,49.900000000000006,26.147058823529413,-19.0,-19.0,77.96,326.90000000000003,50.225,-78.44,2255.64,OFF,OFF,Night mode,OFF,54.8,35.0,OFF,OFF,Not pressed,Pressed,0.0,0.0
2024-06-26 17:00:34,39.74907139095415,30.48048410656753,829.6,65.71700000000001,64.59700000000001,3319.79,3334.4700000000003,3327.1800000000003,49.900000000000006,23.393939393939394,-19.0,-19.0,78.0,326.9606060606061,50.1675,-68.5,2022.84,OFF,OFF,Night mode,OFF,54.8,35.0,OFF,OFF,Not pressed,Pressed,0.0,0.0
2024-06-26 17:00:35,39.74909876865671,30.48054476616915,829.6,65.72,64.6,3306.75,3316.25,3312.59,49.690000000000005,21.57575757575757,2.648125,3.939393939393939,78.0,327.0,49.51,26.22,1868.03,OFF,OFF,Night mode,OFF,54.8,35.0,OFF,OFF,Not pressed,Pressed,0.0,0.0
2024-06-26 17:00:36,39.7491268796638,30.480602934809347,829.6,65.71600000000001,64.596,3280.65,3294.1,3290.4200000000005,49.36,22.98529411764705,18.57,18.529411764705884,78.0,327.0,48.90625,103.9,1991.25,OFF,OFF,Night mode,OFF,54.8,35.0,OFF,OFF,Not pressed,Pressed,0.0,0.0
2024-06-26 17:00:37,39.74915311821946,30.48065900786749,829.6,65.708,64.588,3282.01,3292.1400000000003,3288.9200000000005,49.32000000000001,24.954545454545453,17.08,17.0,78.04,327.0,48.8925,102.26,2157.5,OFF,OFF,Night mode,OFF,54.8,35.0,OFF,OFF,Not pressed,Pressed,0.0,0.0
2024-06-26 17:00:38,39.74918530214787,30.48071099111937,829.8,65.7,64.58,3295.66,3306.1,3301.5600000000004,49.53000000000001,26.13636363636364,-0.058125,-1.181818181818182,77.96,327.0,49.53875,10.08,2255.69,OFF,OFF,Night mode,OFF,54.8,35.0,OFF,OFF,Not pressed,Pressed,0.0,0.0
2024-06-26 17:00:39,39.74921777901235,30.48076380246913,829.8,65.70400000000001,64.584,3318.9200000000005,3334.71,3326.54,49.900000000000006,24.279411764705884,-19.0,-19.0,77.96,327.0,50.1725,-73.46,2097.57,OFF,OFF,Night mode,OFF,54.8,35.0,OFF,OFF,Not pressed,Pressed,0.0,0.0
2024-06-26 17:00:40,39.74925047356464,30.48081703180504,829.8,65.71000000000001,64.59,3319.29,3331.81,3326.44,49.900000000000006,21.727272727272727,-19.0,-19.0,77.98,327.0,50.14875,-62.6,1878.82,OFF,OFF,Night mode,OFF,54.8,35.0,OFF,OFF,Not pressed,Pressed,0.0,0.0
2024-06-26 17:00:41,39.74927956840796,30.48087111069652,829.6,65.71600000000001,64.596,3317.7600000000007,3330.1700000000005,3324.1400000000003,49.88000000000001,17.636363636363637,-17.77,-17.666666666666668,77.98,327.0,50.06375,-45.68,1522.7,OFF,OFF,Night mode,OFF,54.8,35.0,OFF,OFF,Not pressed,Pressed,0.0,0.0
2024-06-26 17:00:42,39.74930843583436,30.48091707134071,829.5,65.72,64.6,3313.88,3323.2300000000005,3319.81,49.8,13.411764705882351,-12.83,-12.558823529411764,77.94,327.0,49.89875,-23.5,1167.45,OFF,OFF,Night mode,OFF,54.8,35.0,OFF,OFF,Not pressed,Pressed,0.0,0.0
2024-06-26 17:00:43,39.74933167786069,30.480953586442787,826.7,65.72,64.6,3302.2200000000003,3310.6700000000005,3308.11,49.63,11.696969696969695,11.238125,12.727272727272728,78.06,327.0,49.3925,43.16,1024.86,OFF,OFF,Night mode,OFF,54.8,35.0,OFF,OFF,Not pressed,Pressed,0.0,0.0
2024-06-26 17:00:44,39.749352908921935,30.48098943680297,829.1,65.71300000000001,64.593,3280.8300000000004,3294.4800000000005,3291.0200000000004,49.36,15.151515151515152,28.41,28.60606060606061,77.96,327.0,48.8625,116.3,1321.6,OFF,OFF,Night mode,OFF,54.8,35.0,OFF,OFF,Not pressed,Pressed,0.0,0.0
2024-06-26 17:00:45,39.74937260493827,30.48101750020576,829.0,65.703,64.583,3273.69,3285.5800000000004,3281.63,49.23,18.558823529411764,31.59,31.47058823529412,77.98,327.0,48.55875,151.82,1614.87,OFF,ON,Night mode,OFF,54.8,35.0,OFF,OFF,Not pressed,Pressed,0.0,0.0
2024-06-26 17:00:46,39.74939737458746,30.4810523679868,829.0,65.692,64.572,3278.63,3290.8,3287.1100000000006,49.290000000000006,21.46969696969697,18.95,18.21212121212121,78.04,327.0,48.8975,96.92,1863.18,OFF,ON,Night mode,OFF,54.8,35.0,OFF,OFF,Not pressed,Pressed,0.0,0.0
2024-06-26 17:00:47,39.7494246509121,30.4810859473466,826.5,65.687,64.56700000000001,3289.45,3297.8200000000006,3295.2300000000005,49.400000000000006,22.83333333333333,11.55,11.515151515151516,78.02,327.0,49.14875,63.34,1978.66,OFF,ON,Night mode,OFF,54.8,35.0,OFF,OFF,Not pressed,Pressed,0.0,0.0
2024-06-26 17:00:48,39.74945537822879,30.48111676137761,826.8,65.68,64.56,3298.3,3308.03,3304.1800000000003,49.57000000000001,23.544117647058822,-1.036875,-2.2058823529411766,78.0,327.0,49.56875,4.04,2035.17,OFF,ON,Night mode,OFF,54.8,35.0,OFF,OFF,Not pressed,Pressed,0.0,0.0
2024-06-26 17:00:49,39.749491308457706,30.48115264179105,828.6,65.684,64.56400000000001,3318.0200000000004,3332.3900000000003,3324.88,49.89,22.10606060606061,-18.78,-18.63636363636364,78.04,327.0,50.13625,-65.7,1912.56,OFF,ON,Night mode,OFF,54.8,35.0,OFF,OFF,Not pressed,Pressed,0.0,0.0
2024-06-26 17:00:50,39.7495312149938,30.48117799566295,826.0,65.69,64.57000000000001,3301.86,3310.6700000000005,3307.69,49.620000000000005,21.560606060606062,6.748125,7.818181818181818,78.0,327.0,49.355,42.98,1872.57,OFF,ON,Night mode,OFF,54.8,35.0,OFF,OFF,Not pressed,Pressed,0.0,0.0
2024-06-26 17:00:51,39.74957183539095,30.481181374897123,826.6,65.68100000000001,64.561,3285.63,3296.6,3293.19,49.400000000000006,23.88235294117647,14.94,14.852941176470589,78.08,327.0,49.03375,85.48,2069.92,OFF,ON,Night mode,OFF,54.8,35.0,OFF,OFF,Not pressed,Pressed,0.0,0.0
2024-06-26 17:00:52,39.74962469640644,30.48117880111524,826.3,65.677,64.557,3286.65,3295.8300000000004,3292.7,49.400000000000006,26.46969696969697,13.06,12.848484848484848,78.04,327.0,49.01375,81.88,2285.17,OFF,ON,Night mode,OFF,54.8,35.0,OFF,OFF,Not pressed,Pressed,0.0,0.0
2024-06-26 17:00:53,39.74969006467661,30.481171125621888,827.0,65.67,64.55,3308.9,3321.29,3315.78,49.73,27.939393939393938,-10.808125,-11.787878787878787,78.0,327.03636363636366,49.985,-50.84,2411.01,OFF,ON,Night mode,OFF,54.8,35.0,OFF,OFF,Not pressed,Pressed,0.0,0.0
2024-06-26 17:00:54,39.74975535608856,30.481165428659285,825.0,65.679,64.559,3322.6600000000008,3338.2,3330.03,49.95,26.852941176470587,-19.0,-19.0,78.04,327.1,50.2375,-81.36,2322.15,OFF,ON,Night mode,OFF,54.8,35.0,OFF,OFF,Not pressed,Pressed,0.0,0.0
2024-06-26 17:00:55,39.74982420398009,30.481166488805968,825.9,65.685,64.56500000000001,3323.2700000000004,3338.99,3330.8200000000006,49.970000000000006,25.560606060606062,-19.0,-19.0,78.06,327.1,50.23875,-76.56,2209.13,OFF,ON,Night mode,OFF,54.8,35.0,OFF,OFF,Not pressed,Pressed,0.0,0.0
2024-06-26 17:00:56,39.74988677145214,30.481168771864688,825.2,65.69,64.57000000000001,3313.79,3325.2,3319.9800000000005,49.81,24.96969696969697,-3.005625,-2.060606060606061,78.1,327.1,49.73375,-4.06,2162.52,OFF,ON,Night mode,OFF,54.8,35.0,OFF,OFF,Not pressed,Pressed,0.0,0.0
2024-06-26 17:00:57,39.74994432304526,30.48116869711934,824.6,65.69,64.57000000000001,3294.94,3303.3,3300.56,49.510000000000005,26.955882352941178,10.56,10.558823529411764,78.12,327.1,49.18125,69.1,2329.2,OFF,ON,Night mode,OFF,54.8,35.0,OFF,OFF,Not pressed,Pressed,0.0,0.0
2024-06-26 17:00:58,39.75000256335404,30.481169116356103,824.2,65.68100000000001,64.561,3290.9200000000005,3301.79,3298.5,49.5,29.37878787878788,9.85,9.818181818181818,78.02,327.1,49.19125,67.14,2535.51,OFF,ON,Night mode,OFF,54.8,35.0,OFF,OFF,Not pressed,Pressed,0.0,0.0
2024-06-26 17:00:59,39.75006720480928,30.481168261194032,823.8,65.679,64.559,3292.7,3301.69,3298.6800000000003,49.5,31.60606060606061,8.6,8.545454545454545,78.06,327.1,49.18875,63.62,2733.45,OFF,ON,Night mode,OFF,54.8,35.0,OFF,OFF,Not pressed,Pressed,0.0,0.0
2024-06-26 17:01:00,39.75013439852398,30.48116757380074,823.3,65.67,64.55,3295.4300000000003,3303.6800000000003,3301.0100000000007,49.510000000000005,33.63235294117647,5.2075,4.794117647058823,78.08,327.1,49.33,41.46,2904.1,OFF,ON,Night mode,OFF,54.8,35.0,OFF,OFF,Not pressed,Pressed,0.0,0.0
2024-06-26 17:01:01,39.75020722180763,30.4811687106136,822.9,65.67,64.55,3317.2700000000004,3329.9200000000005,3323.7600000000007,49.85000000000001,34.378787878787875,-10.91,-11.393939393939394,78.0,327.1,50.11625,-68.26,2959.7,OFF,ON,Night mode,OFF,54.8,35.0,OFF,OFF,Not pressed,Pressed,0.0,0.0
2024-06-26 17:01:02,39.75028604337051,30.48117549421727,822.3,65.679,64.559,3322.5200000000004,3338.61,3329.8200000000006,49.96,33.0,-13.27,-13.303030303030305,78.1,327.1,50.1775,-74.5,2843.16,OFF,OFF,Night mode,OFF,54.8,35.0,OFF,OFF,Not pressed,Pressed,0.0,0.0
2024-06-26 17:01:03,39.75036169135802,30.481176166666664,821.6,65.683,64.563,3324.46,3340.4200000000005,3332.1,49.98,29.88235294117647,-15.64,-15.794117647058824,78.06,327.1,50.25625,-77.96,2575.45,OFF,OFF,Night mode,OFF,54.8,35.0,OFF,OFF,Not pressed,Pressed,0.0,0.0
2024-06-26 17:01:04,39.75043101216996,30.481178148308576,821.2,65.69,64.57000000000001,3326.3900000000003,3339.6,3333.34,50.0,25.78787878787879,-18.71,-18.75757575757576,77.98,327.1,50.2975,-76.36,2231.15,OFF,OFF,Night mode,OFF,54.8,35.0,OFF,OFF,Not pressed,Pressed,0.0,0.0
2024-06-26 17:01:05,39.75049160199005,30.48118174709785,820.7,65.699,64.579,3326.29,3343.1400000000003,3333.6100000000006,50.0,24.13636363636364,-19.0,-19.0,78.0,327.1,50.27375,-71.12,2082.13,OFF,OFF,Night mode,OFF,54.8,35.0,OFF,OFF,Not pressed,Pressed,0.0,0.0
2024-06-26 17:01:06,39.750549180401805,30.48118367548176,820.1,65.703,64.583,3327.1700000000005,3340.46,3334.1,50.0,23.602941176470587,-19.0,-19.0,77.96,327.1,50.3175,-69.56,2045.41,OFF,OFF,Night mode,OFF,54.8,35.0,OFF,OFF,Not pressed,Pressed,0.0,0.0
2024-06-26 17:01:07,39.75060220729684,30.48118444693201,819.7,65.71000000000001,64.59,3327.7100000000005,3342.49,3334.75,50.0,23.5,-19.0,-19.0,78.1,327.1,50.29375,-68.82,2025.09,OFF,OFF,Night mode,OFF,54.8,35.0,OFF,OFF,Not pressed,Pressed,0.0,0.0
2024-06-26 17:01:08,39.75065529987608,30.481192440520445,819.1,65.715,64.595,3328.2300000000005,3343.36,3335.44,50.0,23.484848484848484,-19.0,-19.0,78.06,327.1606060606061,50.295,-68.58,2018.42,OFF,OFF,Night mode,OFF,54.8,35.0,OFF,OFF,Not pressed,Pressed,0.0,0.0
2024-06-26 17:01:09,39.75071561193416,30.48119216296296,818.7,65.72,64.6,3328.91,3340.94,3335.65,50.0,23.5,-19.0,-19.0,77.98,327.20000000000005,50.3025,-68.76,2026.4,OFF,OFF,Night mode,OFF,54.8,35.0,OFF,OFF,Not pressed,Pressed,0.0,0.0
2024-06-26 17:01:10,39.75076735254027,30.481193919661298,818.0,65.72900000000001,64.60900000000001,3329.5200000000004,3345.0200000000004,3336.84,50.04,23.727272727272727,-19.0,-19.0,78.1,327.20000000000005,50.32375,-70.06,2054.79,OFF,OFF,Night mode,OFF,54.8,35.0,OFF,OFF,Not pressed,Pressed,0.0,0.0
2024-06-26 17:01:11,39.75082157794362,30.48119697097844,817.2,65.733,64.613,3330.7100000000005,3345.88,3337.7200000000003,50.09,24.07575757575757,-19.0,-19.0,77.98,327.20000000000005,50.32,-71.16,2083.77,OFF,OFF,Night mode,OFF,54.8,35.0,OFF,OFF,Not pressed,Pressed,0.0,0.0
2024-06-26 17:01:12,39.75087149671997,30.481202365723657,816.8,65.74,64.62,3330.78,3346.75,3337.96,50.1,24.014705882352946,-19.0,-19.0,77.98,327.20000000000005,50.32125,-70.52,2073.65,OFF,OFF,Night mode,OFF,54.8,35.0,OFF,OFF,Not pressed,Pressed,0.0,0.0
2024-06-26 17:01:13,39.750920945273634,30.48120796641791,816.4,65.74499999999999,64.625,3329.74,3343.4200000000005,3336.59,50.04,21.33333333333333,-19.0,-19.0,78.04,327.20000000000005,50.28875,-60.94,1848.67,OFF,ON,Night mode,OFF,54.8,35.0,OFF,OFF,Not pressed,Pressed,0.0,0.0
2024-06-26 17:01:14,39.75096909488449,30.48122077970297,815.9,65.75,64.63,3326.59,3336.95,3332.94,50.0,17.045454545454547,-17.12,-16.96969696969697,78.02,327.20000000000005,50.165,-42.14,1475.27,OFF,ON,Night mode,OFF,54.8,35.0,OFF,OFF,Not pressed,Pressed,0.0,0.0
2024-06-26 17:01:15,39.75100575834363,30.48122526864441,815.7,65.75,64.63,3322.06,3332.31,3328.03,49.91,12.852941176470589,-12.33,-12.058823529411764,78.02,327.20000000000005,50.025,-21.38,1119.75,OFF,ON,Night mode,OFF,54.8,35.0,OFF,OFF,Not pressed,Pressed,0.0,0.0
2024-06-26 17:01:16,39.751037238036304,30.481228661716173,815.6,65.75,64.63,3317.9800000000005,3325.49,3323.5200000000004,49.85000000000001,9.424242424242424,-5.32,-5.121212121212121,78.0,327.20000000000005,49.89375,-6.02,830.28,OFF,ON,Night mode,OFF,54.8,35.0,OFF,OFF,Not pressed,Pressed,0.0,0.0
2024-06-26 17:01:17,39.7510632106136,30.481226048092868,815.6,65.75,64.63,3313.1700000000005,3320.74,3318.7200000000003,49.760000000000005,8.712121212121213,7.1675,8.242424242424242,78.0,327.20000000000005,49.6575,24.56,770.07,OFF,ON,Night mode,OFF,54.8,35.0,OFF,OFF,Not pressed,Pressed,0.0,0.0
2024-06-26 17:01:18,39.7510848569376,30.4812216931445,815.3,65.75,64.63,3287.3700000000003,3299.65,3296.44,49.45,10.382352941176473,40.04,40.3235294117647,78.1,327.20000000000005,48.89875,131.22,910.46,OFF,ON,Night mode,OFF,54.8,35.0,OFF,OFF,Not pressed,Pressed,0.0,0.0
2024-06-26 17:01:19,39.751105271221526,30.48120726480332,815.3,65.738,64.61800000000001,3278.8,3290.1200000000003,3286.53,49.3,14.333333333333334,41.23,41.27272727272727,78.22,327.20000000000005,48.56375,166.58,1248.21,OFF,ON,Night mode,OFF,54.8,35.0,OFF,OFF,Not pressed,Pressed,0.0,0.0
2024-06-26 17:01:20,39.751124876084255,30.48118152664188,815.8,65.725,64.60499999999999,3253.36,3279.61,3274.34,49.11,18.37878787878788,41.93,41.90909090909091,78.32,327.20000000000005,48.29875,204.34,1597.64,OFF,OFF,Night mode,OFF,54.8,35.0,OFF,OFF,Not pressed,Pressed,0.0,0.0
2024-06-26 17:01:21,39.75113608261228,30.481149114338688,816.1,65.708,64.588,3254.36,3275.4500000000003,3270.03,49.05,22.397058823529413,37.27,36.8235294117647,78.3,327.20000000000005,48.26375,208.3,1940.91,OFF,OFF,Night mode,OFF,54.8,35.0,OFF,OFF,Not pressed,Pressed,0.0,0.0
2024-06-26 17:01:22,39.751139574165634,30.481110128347755,816.1,65.694,64.574,3262.0800000000004,3282.4700000000003,3277.26,49.17,25.59090909090909,26.12,25.818181818181817,78.52,327.20000000000005,48.57375,157.4,2211.13,OFF,OFF,Night mode,OFF,54.8,35.0,OFF,OFF,Not pressed,Pressed,0.0,0.0
2024-06-26 17:01:23,39.75114104560531,30.481058312189056,816.1,65.682,64.562,3275.1700000000005,3286.81,3282.86,49.25000000000001,27.924242424242426,18.84,18.545454545454547,78.54,327.20000000000005,48.7525,121.98,2412.26,OFF,OFF,Night mode,OFF,54.8,35.0,OFF,OFF,Not pressed,Pressed,0.0,0.0
2024-06-26 17:01:24,39.75113402380953,30.48099576190476,816.4,65.68,64.56,3299.3700000000003,3310.88,3306.41,49.580000000000005,28.41176470588235,-4.1675,-5.294117647058823,78.62,327.20000000000005,49.70375,-14.24,2452.09,OFF,OFF,Night mode,OFF,54.8,35.0,OFF,OFF,Not pressed,Pressed,0.0,0.0
2024-06-26 17:01:25,39.75114147929606,30.4809265641822,817.3,65.68,64.56,3321.0200000000004,3337.9700000000003,3328.9,49.91,25.87878787878788,-19.0,-19.0,78.7,327.20000000000005,50.2175,-78.32,2233.74,ON,OFF,Night mode,OFF,54.8,35.0,OFF,OFF,Not pressed,Pressed,0.0,0.0
2024-06-26 17:01:26,39.75114622098306,30.480847347996693,817.2,65.688,64.56800000000001,3322.3700000000003,3335.1100000000006,3329.2700000000004,49.92,22.87878787878788,-19.0,-19.0,78.82,327.20000000000005,50.2075,-66.3,1975.54,ON,OFF,Night mode,OFF,54.8,35.0,OFF,OFF,Not pressed,Pressed,0.0,0.0
2024-06-26 17:01:27,39.75114606757313,30.480776844046144,817.6,65.69,64.57000000000001,3321.4800000000005,3335.05,3328.49,49.900000000000006,19.955882352941178,-18.69,-18.647058823529413,78.88,327.20000000000005,50.155,-55.74,1730.47,ON,OFF,Night mode,OFF,54.8,35.0,OFF,OFF,Not pressed,Pressed,0.0,0.0
2024-06-26 17:01:28,39.75114524092409,30.48071153630363,817.3,65.7,64.58,3319.71,3330.4300000000003,3325.9300000000003,49.900000000000006,16.818181818181817,-16.47,-16.363636363636363,78.82,327.20606060606065,50.07375,-40.62,1463.55,ON,OFF,Night mode,OFF,54.8,35.0,OFF,OFF,Not pressed,Pressed,0.0,0.0
2024-06-26 17:01:29,39.751143048092864,30.48065952736318,817.3,65.7,64.58,3317.65,3326.8700000000003,3323.94,49.900000000000006,14.666666666666666,-13.98,-13.909090909090908,78.92,327.3,50.0025,-28.76,1275.52,ON,OFF,Night mode,OFF,54.8,35.0,OFF,OFF,Not pressed,Pressed,0.0,0.0
2024-06-26 17:01:30,39.75115105055487,30.48061195437732,816.8,65.7,64.58,3316.1700000000005,3324.8200000000006,3321.86,49.8,13.647058823529411,-7.71125,-6.647058823529412,78.96,327.3,49.87125,-13.56,1193.57,ON,OFF,Night mode,OFF,54.8,35.0,OFF,OFF,Not pressed,Pressed,0.0,0.0
2024-06-26 17:01:31,39.751166096153845,30.48057532154673,816.6,65.7,64.58,3289.45,3300.2700000000004,3297.2200000000003,49.440000000000005,15.848484848484848,26.31,27.12121212121212,78.96,327.3,48.92875,116.76,1377.86,ON,OFF,Night mode,OFF,54.8,35.0,OFF,OFF,Not pressed,Pressed,0.0,0.0
2024-06-26 17:01:32,39.751189062087455,30.48054608106436,816.6,65.688,64.56800000000001,3270.87,3287.29,3283.19,49.24,20.666666666666668,31.45,31.484848484848484,78.96,327.3,48.54625,164.92,1791.95,ON,OFF,Night mode,OFF,54.8,35.0,OFF,OFF,Not pressed,Pressed,0.0,0.0
2024-06-26 17:01:33,39.75122449051155,30.480513507013203,818.3,65.676,64.556,3279.71,3292.7,3288.91,49.34,25.397058823529413,14.120625,12.088235294117649,78.96,327.3,49.07875,86.8,2196.52,ON,OFF,Night mode,OFF,54.8,35.0,OFF,OFF,Not pressed,Pressed,0.0,0.0
2024-06-26 17:01:34,39.7512718077874,30.48048188648537,818.5,65.676,64.556,3320.5800000000004,3334.78,3328.49,49.940000000000005,26.10606060606061,-18.551875,-18.75757575757576,78.98,327.3,50.2475,-80.88,2253.72,ON,OFF,Night mode,OFF,54.8,35.0,OFF,OFF,Not pressed,Pressed,0.0,0.0
2024-06-26 17:01:35,39.75132658913764,30.480465819237143,817.6,65.682,64.562,3325.45,3340.44,3332.65,50.0,25.57575757575757,-19.0,-19.0,78.96,327.3,50.28875,-76.48,2211.19,ON,OFF,Night mode,OFF,54.8,35.0,OFF,OFF,Not pressed,Pressed,0.0,0.0
2024-06-26 17:01:36,39.75138401685162,30.480455925400737,816.8,65.69,64.57000000000001,3326.2200000000003,3341.7,3333.71,50.0,25.058823529411764,-19.0,-19.0,78.98,327.3,50.285,-74.42,2163.89,ON,OFF,Night mode,OFF,54.8,35.0,OFF,OFF,Not pressed,Pressed,0.0,0.0
2024-06-26 17:01:37,39.751437800661705,30.48045000496278,817.0,65.696,64.576,3327.3900000000003,3344.26,3334.8,50.0,24.5,-19.0,-19.0,78.98,327.3,50.2975,-72.46,2117.81,ON,OFF,Night mode,OFF,54.8,35.0,OFF,OFF,Not pressed,Pressed,0.0,0.0
2024-06-26 17:01:38,39.75149169640644,30.48044425216852,816.9,65.7,64.58,3327.8,3340.4600000000005,3334.95,50.0,24.045454545454547,-19.0,-19.0,78.96,327.3,50.335,-71.2,2087.31,ON,OFF,Night mode,OFF,54.8,35.0,OFF,OFF,Not pressed,Pressed,0.0,0.0
2024-06-26 17:01:39,39.751541376237626,30.480440184405936,816.0,65.71000000000001,64.59,3328.5,3343.0,3336.1400000000003,50.02,23.779411764705884,-19.0,-19.0,78.98,327.3,50.31,-69.66,2054.34,ON,OFF,Night mode,OFF,54.8,35.0,OFF,OFF,Not pressed,Pressed,0.0,0.0
2024-06-26 17:01:40,39.75159627832716,30.48044197342397,815.8,65.71400000000001,64.59400000000001,3328.8700000000003,3342.3900000000003,3336.09,50.03,23.484848484848484,-17.43,-16.757575757575758,78.96,327.3,50.2825,-63.14,2027.24,ON,OFF,Night mode,OFF,54.8,35.0,OFF,OFF,Not pressed,Pressed,0.0,0.0
2024-06-26 17:01:41,39.75164762023217,30.48043725787728,815.4,65.71900000000001,64.599,3305.4300000000003,3314.9300000000003,3312.0100000000007,49.7,25.060606060606062,10.058168316831685,10.787878787878787,78.98,327.3,49.3475,63.48514851485149,2171.5742574257424,OFF,OFF,Night mode,OFF,54.8,35.0,OFF,OFF,Not pressed,Pressed,0.0,0.0
2024-06-26 17:01:42,39.75169943518519,30.480432738888886,809.6,65.71000000000001,64.59,3306.4,3316.1200000000003,3312.96,49.7,28.323529411764707,0.0328282828282828,-1.3235294117647058,78.96,327.3,49.70125,8.121212121212121,2448.818181818182,OFF,OFF,Night mode,OFF,54.8,35.0,OFF,OFF,Not pressed,Pressed,0.0,0.0
2024-06-26 17:01:43,39.75175456319703,30.48043339591078,814.8,65.71400000000001,64.59400000000001,3331.9700000000003,3347.59,3339.3700000000003,50.1,28.28787878787879,-19.0,-19.0,79.0,327.3,50.39125,-88.91089108910892,2441.009900990099,OFF,OFF,Night mode,OFF,54.8,35.0,OFF,OFF,Not pressed,Pressed,0.0,0.0
2024-06-26 17:01:44,39.75180993680298,30.480431542750928,814.8,65.72,64.6,3333.05,3348.25,3340.4300000000003,50.1,27.363636363636363,-19.0,-19.0,78.98,327.3,50.3975,-82.84,2365.08,OFF,OFF,Night mode,OFF,54.8,35.0,OFF,OFF,Not pressed,Pressed,0.0,0.0
2024-06-26 17:01:45,39.75186589102564,30.48042925765095,814.5,65.73,64.61,3333.4,3349.6400000000003,3340.36,50.1,26.602941176470587,-19.0,-19.0,79.0,327.3,50.37125,-79.77777777777777,2294.7272727272725,OFF,OFF,Night mode,OFF,54.8,35.0,OFF,OFF,Not pressed,Pressed,0.0,0.0
2024-06-26 17:01:46,39.75193439660706,30.48042458619899,814.7,65.73555555555555,64.61555555555555,3332.6444444444446,3348.655555555556,3340.566666666667,50.1,25.56896551724138,-19.0,-19.0,78.97777777777777,327.348275862069,50.36805555555556,-76.13333333333334,2209.177777777778,OFF,OFF,Night mode,OFF,54.8,35.0,OFF,OFF,Not pressed,Pressed,0.0,0.0
2024-06-26 17:01:47,39.7519835,30.480422666666666,814.2,65.74,64.62,3332.8300000000004,3347.26,3339.78,50.1,24.27272727272728,-19.0,-19.0,79.0,327.40000000000003,50.375,-71.38,2100.2,OFF,OFF,Night mode,OFF,54.8,35.0,OFF,OFF,Not pressed,Pressed,0.0,0.0
2024-06-26 17:01:48,39.75203282571076,30.48042177791512,814.0,65.75,64.63,3333.15,3344.29,3339.7,50.09,22.66176470588235,-18.63636363636364,-18.545454545454547,79.0,327.40000000000003,50.32875,-64.46464646464646,1956.5656565656568,OFF,OFF,Night mode,OFF,54.8,35.0,OFF,OFF,Not pressed,Pressed,0.0,0.0
2024-06-26 17:01:49,39.75210020111386,30.48041369698845,813.4,65.75,64.63,3322.7,3332.2200000000003,3328.54,49.940000000000005,21.893939393939394,-5.493193069306931,-5.676470588235294,78.98,327.40000000000003,50.00375,-17.85148514851485,1893.920792079208,OFF,OFF,Night mode,OFF,54.8,35.0,OFF,OFF,Not pressed,Pressed,0.0,0.0
2024-06-26 17:01:50,39.75216164524104,30.4804061526576,812.5,65.75500000000001,64.635,3331.6800000000003,3344.4,3338.4300000000003,50.1,20.651515151515152,-18.88,-18.87878787878788,79.0,327.40000000000003,50.32375,-61.05,1786.93,OFF,OFF,Night mode,OFF,54.8,35.0,OFF,OFF,Not pressed,Pressed,0.0,0.0
2024-06-26 17:01:51,39.7522102515528,30.48040792815735,811.7,65.76,64.64,3329.8,3342.78,3336.6,50.05,18.397058823529413,-17.666666666666668,-17.636363636363637,79.0,327.40000000000003,50.24,-48.323232323232325,1595.5353535353536,OFF,OFF,Night mode,OFF,54.8,35.0,OFF,OFF,Not pressed,Pressed,0.0,0.0
2024-06-26 17:01:52,39.7522545545977,30.48040710057472,811.9,65.76,64.64,3325.9800000000005,3336.0,3331.9200000000005,49.970000000000006,13.43939393939394,-14.287128712871286,-14.058823529411764,78.98,327.40000000000003,50.09,-26.43564356435644,1173.2574257425742,OFF,OFF,Night mode,OFF,54.8,35.0,OFF,OFF,Not pressed,Pressed,0.0,0.0
2024-06-26 17:01:53,39.75229032669983,30.480404736318405,811.6,65.76,64.64,3319.66,3326.95,3325.1800000000003,49.900000000000006,5.666666666666667,-4.2,-3.939393939393939,78.98,327.40000000000003,49.8925,-2.34,495.45,OFF,OFF,Night mode,OFF,54.8,35.0,OFF,OFF,Not pressed,Pressed,0.0,0.0
2024-06-26 17:01:54,39.75231120544554,30.4804029880363,811.2,65.76,64.64,3317.7,3324.9700000000003,3323.1700000000005,49.830000000000005,0.4558823529411764,-1.0,-1.0,78.98,327.40000000000003,49.8375,0.8888888888888888,45.27272727272727,OFF,OFF,Night mode,OFF,54.8,35.0,OFF,OFF,Not pressed,Pressed,0.0,0.0
2024-06-26 17:01:55,39.75231756118665,30.48040268129378,811.2,65.76,64.64,3317.0800000000004,3324.3200000000006,3322.53,49.8,0.0,-1.0,-1.0,78.98,327.40000000000003,49.82375,1.0,0.5445544554455446,OFF,OFF,Night mode,OFF,54.8,35.0,OFF,OFF,Not pressed,Pressed,0.0,0.0
2024-06-26 17:01:56,39.75232014828583,30.480398063197025,811.2,65.76,64.64,3316.7,3323.8900000000003,3322.1200000000003,49.8,0.0,-1.0,-1.0,79.0,327.40000000000003,49.8175,1.0,0.0,OFF,OFF,Night mode,OFF,54.8,35.0,OFF,OFF,Not pressed,Pressed,0.0,0.0
2024-06-26 17:01:57,39.75232792132505,30.48039265859213,811.0,65.76,64.64,3316.34,3323.59,3321.81,49.8,0.0,-1.0,-1.0,78.98,327.40000000000003,49.815,1.0,0.0,OFF,OFF,Night mode,OFF,54.8,35.0,OFF,OFF,Not pressed,Pressed,0.0,0.0
2024-06-26 17:01:58,39.75234277052545,30.48039141646141,811.0,65.76,64.64,3316.0700000000006,3323.3700000000003,3321.5200000000004,49.8,0.0,-1.0,-1.0,79.0,327.40000000000003,49.80875,1.0,0.0,OFF,OFF,Night mode,OFF,54.8,35.0,OFF,OFF,Not pressed,Pressed,0.0,0.0
2024-06-26 17:01:59,39.75234510041408,30.480393634575567,811.0,65.76,64.64,3315.85,3323.1700000000005,3321.3200000000006,49.8,0.0,-1.0,-1.0,79.0,327.40000000000003,49.8125,1.0,0.0,OFF,OFF,Night mode,OFF,54.8,35.0,OFF,OFF,Not pressed,Pressed,0.0,0.0
2024-06-26 17:02:00,39.75234440862212,30.480395652640265,811.0,65.76,64.64,3315.6800000000003,3322.96,3321.1200000000003,49.8,0.0,-1.0,-1.0,79.0,327.40000000000003,49.80875,1.0,0.0,OFF,OFF,Night mode,OFF,54.8,35.0,OFF,OFF,Not pressed,Pressed,0.0,0.0
2024-06-26 17:02:01,39.75234463662552,30.48039522674897,811.0,65.76,64.64,3315.4800000000005,3322.79,3320.96,49.8,0.0,-1.0,-1.0,79.00990099009901,327.40000000000003,49.80259900990099,1.0,0.0,OFF,OFF,Night mode,OFF,54.8,35.0,OFF,OFF,Not pressed,Pressed,0.0,0.0
2024-06-26 17:02:02,39.75234285006195,30.48039546943412,811.0,65.76,64.64,3315.31,3322.65,3320.8200000000006,49.8,0.0,-1.0,-1.0,78.99,327.40000000000003,49.8075,1.0,0.0,OFF,OFF,Night mode,OFF,54.8,35.0,OFF,OFF,Not pressed,Pressed,0.0,0.0
2024-06-26 17:02:03,39.75234372450249,30.480395953358208,811.0,65.76,64.64,3315.25,3322.5200000000004,3320.6800000000003,49.8,0.0,-1.0,-1.0,79.0,327.40000000000003,49.81123737373738,1.0,0.0,OFF,OFF,Night mode,OFF,54.8,35.0,OFF,OFF,Not pressed,Pressed,0.0,0.0
2024-06-26 17:02:04,39.752350641451415,30.48040174907749,811.0,65.76,64.64,3315.15,3322.42,3320.59,49.8,0.0,-1.0,-1.0,79.0,327.40000000000003,49.801980198019805,1.0,0.0,OFF,ON,Night mode,OFF,54.8,35.0,OFF,OFF,Not pressed,Pressed,0.0,0.0
2024-06-26 17:02:05,39.752350421641786,30.48040324502487,811.0,65.76,64.64,3315.03,3322.35,3320.51,49.8,0.0,-1.0,-1.0,79.02,327.40000000000003,49.803125,1.0,0.0,OFF,ON,Night mode,OFF,54.8,35.0,OFF,OFF,Not pressed,Pressed,0.0,0.0
2024-06-26 17:02:06,39.75234882775713,30.48040318277571,811.0,65.76,64.64,3314.38,3321.7,3319.86,49.8,0.1029411764705882,5.757575757575758,6.363636363636363,78.95959595959596,327.40000000000003,49.76830808080808,7.222222222222222,22.05050505050505,OFF,ON,Night mode,OFF,54.8,35.0,OFF,OFF,Not pressed,Pressed,0.0,0.0
2024-06-26 17:02:07,39.752346679218114,30.48040179074074,811.0,65.76,64.64,3308.31,3315.65,3313.71,49.71,2.1666666666666665,31.56497524752476,31.91176470588235,79.0,327.40000000000003,49.51237623762376,46.84158415841584,209.6633663366337,OFF,ON,Night mode,OFF,54.8,35.0,OFF,OFF,Not pressed,Pressed,0.0,0.0
2024-06-26 17:02:08,39.752350259282174,30.48039850886964,811.0,65.75800000000001,64.638,3300.36,3308.94,3306.2600000000007,49.58,5.681818181818182,35.62,35.75757575757576,78.98,327.40000000000003,49.265,77.85,510.88,OFF,ON,Night mode,OFF,54.8,35.0,OFF,OFF,Not pressed,Pressed,0.0,0.0
2024-06-26 17:02:09,39.752358223602485,30.48039469047619,810.7,65.75,64.63,3290.2700000000004,3300.8200000000006,3297.8300000000004,49.470000000000006,9.323529411764708,38.72,38.696969696969695,79.0,327.40000000000003,48.98232323232323,113.54,822.56,OFF,ON,Night mode,OFF,54.8,35.0,OFF,OFF,Not pressed,Pressed,0.0,0.0
2024-06-26 17:02:10,39.75237203571428,30.48038819006568,810.7,65.74,64.62,3296.2200000000003,3304.01,3301.41,49.510000000000005,11.590909090909092,22.6,22.0,79.0,327.40000000000003,49.23081683168317,71.16,1012.04,OFF,ON,Night mode,OFF,54.8,35.0,OFF,OFF,Not pressed,Pressed,0.0,0.0
2024-06-26 17:02:11,39.75239123664596,30.48037818074534,810.7,65.74,64.62,3302.03,3309.95,3307.5800000000004,49.6,12.0,14.12,14.181818181818182,79.0,327.40000000000003,49.42,45.98,1050.77,OFF,ON,Night mode,OFF,54.8,35.0,OFF,OFF,Not pressed,Pressed,0.0,0.0
2024-06-26 17:02:12,39.75241291676993,30.48036706546881,810.7,65.732,64.612,3298.45,3306.5,3304.1400000000003,49.57,12.544117647058824,20.78,21.12121212121212,79.02020202020202,327.40000000000003,49.22032828282829,72.86,1094.59,OFF,ON,Night mode,OFF,54.8,35.0,OFF,OFF,Not pressed,Pressed,0.0,0.0
2024-06-26 17:02:13,39.75242955884773,30.4803492127572,810.4,65.725,64.60499999999999,3273.12,3289.4300000000003,3285.4700000000003,49.28000000000001,14.909090909090908,41.36,41.85294117647059,79.01980198019803,327.40000000000003,48.507425742574256,173.88,1301.17,OFF,ON,Night mode,OFF,54.8,35.0,OFF,OFF,Not pressed,Pressed,0.0,0.0
2024-06-26 17:02:14,39.75243770962412,30.480319437216025,810.4,65.708,64.588,3236.36,3266.3300000000004,3258.0800000000004,48.870000000000005,19.454545454545453,55.5275,57.27272727272727,79.17,327.40000000000003,47.729375,292.95,1698.84,OFF,OFF,Night mode,OFF,54.8,35.0,OFF,OFF,Not pressed,Pressed,0.0,0.0
2024-06-26 17:02:15,39.752438347844105,30.480277352404645,810.2,65.684,64.56400000000001,3220.82,3259.49,3250.84,48.760000000000005,24.51515151515152,45.63625,55.24242424242424,79.31313131313131,327.40000000000003,47.81376262626262,284.42,2129.33,OFF,OFF,Night mode,OFF,54.8,35.0,OFF,OFF,Not pressed,Pressed,0.0,0.0
2024-06-26 17:02:16,39.75242346478296,30.480224054258805,809.9,65.663,64.537,3232.51,3258.4700000000003,3251.76,48.78000000000001,28.426470588235293,33.75375,44.8235294117647,79.25742574257426,327.40000000000003,47.7759900990099,268.04,2459.66,OFF,OFF,Night mode,OFF,54.8,35.0,OFF,OFF,Not pressed,Pressed,0.0,0.0
2024-06-26 17:02:17,39.75240293283582,30.48015515547264,810.3,65.64099999999999,64.511,3234.1500000000005,3260.4500000000003,3252.4100000000003,48.790000000000006,31.62121212121212,28.6075,38.42424242424242,79.44,327.40000000000003,47.76,257.32,2733.57,OFF,OFF,Night mode,OFF,54.8,35.0,OFF,OFF,Not pressed,Pressed,0.0,0.0
2024-06-26 17:02:18,39.75238674876238,30.48007710726073,810.6,65.62100000000001,64.491,3231.04,3261.02,3252.8900000000003,48.790000000000006,34.38235294117647,24.5175,33.78787878787879,79.36363636363636,327.40000000000003,47.871212121212125,239.86,2966.19,OFF,OFF,Night mode,OFF,54.8,35.0,OFF,OFF,Not pressed,Pressed,0.0,0.0
2024-06-26 17:02:19,39.752370836423566,30.4799908710342,810.5,65.604,64.474,3243.12,3261.34,3255.1600000000003,48.82000000000001,36.46969696969697,21.521875,30.41176470588235,79.70297029702971,327.40000000000003,47.98019801980198,220.24,3144.05,OFF,OFF,Night mode,OFF,54.8,35.0,OFF,OFF,Not pressed,Pressed,0.0,0.0
2024-06-26 17:02:20,39.7523517488641,30.47989474432053,810.1,65.58500000000001,64.45500000000001,3235.3300000000004,3263.44,3256.44,48.84,38.30303030303031,19.93875,27.87878787878788,79.72,327.43030303030304,48.115,213.23,3303.41,OFF,OFF,Night mode,OFF,54.8,35.0,OFF,OFF,Not pressed,Pressed,0.0,0.0
2024-06-26 17:02:21,39.75233219565217,30.47979302173913,810.0,65.56800000000001,64.438,3242.74,3262.5800000000004,3256.4300000000003,48.84,40.01515151515152,18.630625,25.78787878787879,79.9,327.5,48.075,209.57,3449.64,OFF,OFF,Night mode,OFF,54.8,35.0,OFF,OFF,Not pressed,Pressed,0.0,0.0
2024-06-26 17:02:22,39.7523089318555,30.47968285714285,809.6,65.55199999999999,64.422,3243.36,3263.1800000000003,3257.11,48.86,41.5,17.50875,23.94117647058824,79.96,327.5,48.105,202.78,3576.71,OFF,OFF,Night mode,OFF,54.8,35.0,OFF,OFF,Not pressed,Pressed,0.0,0.0
2024-06-26 17:02:23,39.75229211442786,30.47956860199005,809.4,65.536,64.40599999999999,3244.01,3263.53,3257.4800000000005,48.870000000000005,42.90909090909091,16.456875,21.363636363636363,79.96,327.5,48.145,195.99,3695.87,OFF,OFF,Night mode,OFF,54.8,35.0,OFF,OFF,Not pressed,Pressed,0.0,0.0
2024-06-26 17:02:24,39.75227194871795,30.479447686104216,809.4,65.521,64.39099999999999,3246.05,3266.01,3260.4800000000005,48.900000000000006,44.25,15.445625,18.75757575757576,80.0,327.5,48.188125,188.7,3809.69,OFF,OFF,Night mode,OFF,54.8,35.0,OFF,OFF,Not pressed,Pressed,0.0,0.0
2024-06-26 17:02:25,39.75225418788627,30.47932335331685,809.1,65.506,64.376,3242.3500000000004,3265.61,3259.34,48.900000000000006,45.28787878787879,14.659375,16.61764705882353,80.0,327.5,48.216875,183.09,3901.32,OFF,OFF,Night mode,OFF,54.8,35.0,OFF,OFF,Not pressed,Pressed,0.0,0.0
2024-06-26 17:02:26,39.75223134323432,30.479203029702973,809.0,65.493,64.363,3246.8900000000003,3265.3,3260.25,48.900000000000006,46.24242424242424,14.16625,15.393939393939394,80.0,327.5,48.199375,180.36,3982.18,OFF,OFF,Night mode,OFF,54.8,35.0,OFF,OFF,Not pressed,Pressed,0.0,0.0
2024-06-26 17:02:27,39.75220847329192,30.47907206583851,809.3,65.477,64.34700000000001,3248.8100000000004,3265.38,3260.3300000000004,48.900000000000006,47.10606060606061,13.775,14.12121212121212,80.0,327.5,48.240625,178.49,4055.63,OFF,OFF,Night mode,OFF,54.8,35.0,OFF,OFF,Not pressed,Pressed,0.0,0.0
2024-06-26 17:02:28,39.75218724712644,30.47894121100164,809.2,65.46400000000001,64.334,3248.11,3265.85,3260.3300000000004,48.91,47.80882352941177,13.085,13.088235294117649,80.0,327.5,48.263125,171.3,4121.0,OFF,OFF,Night mode,OFF,54.8,35.0,OFF,OFF,Not pressed,Pressed,0.0,0.0
2024-06-26 17:02:29,39.75216504145937,30.478805751243783,809.9,65.45,64.32000000000001,3251.74,3269.07,3264.1500000000005,48.96,48.57575757575758,12.0,12.0,80.0,327.5060606060606,48.335,157.69,4185.16,OFF,OFF,Night mode,OFF,54.8,35.0,OFF,OFF,Not pressed,Pressed,0.0,0.0
2024-06-26 17:02:30,39.7521442132262,30.478667572723527,810.0,65.438,64.308,3262.54,3275.44,3271.2300000000005,49.07000000000001,48.95588235294117,7.46,7.151515151515151,80.0,327.6,48.761875,98.42,4216.43,OFF,OFF,Night mode,OFF,54.8,35.0,OFF,OFF,Not pressed,Pressed,0.0,0.0
2024-06-26 17:02:31,39.75212084014026,30.478526955445545,809.5,65.434,64.304,3296.79,3306.7300000000005,3303.03,49.56,47.90909090909091,-3.78,-3.823529411764706,80.0,327.6,49.644375,-33.12,4121.67,OFF,OFF,Night mode,OFF,54.8,35.0,OFF,OFF,Not pressed,Pressed,0.0,0.0
2024-06-26 17:02:32,39.75210155204461,30.47839251507641,809.5,65.44,64.31,3302.1700000000005,3312.29,3308.5200000000004,49.64,46.18181818181818,-4.82,-4.878787878787879,80.0,327.6,49.7625,-41.01,3971.55,OFF,OFF,Night mode,OFF,54.8,35.0,OFF,OFF,Not pressed,Pressed,0.0,0.0
2024-06-26 17:02:33,39.75208096376812,30.47825783333333,809.4,65.44,64.31,3306.2600000000007,3319.16,3313.11,49.7,44.088235294117645,-6.16,-6.181818181818182,80.0,327.6,49.84625,-50.97,3790.17,OFF,OFF,Night mode,OFF,54.8,35.0,OFF,OFF,Not pressed,Pressed,0.0,0.0
2024-06-26 17:02:34,39.75205942118227,30.47813073152709,809.4,65.44800000000001,64.31800000000001,3309.5100000000007,3322.76,3316.59,49.75000000000001,42.09090909090909,-7.12,-7.147058823529412,80.0,327.6,49.919375,-56.06,3621.6,OFF,OFF,Night mode,OFF,54.8,35.0,OFF,OFF,Not pressed,Pressed,0.0,0.0
2024-06-26 17:02:35,39.75203794968944,30.478009321118005,809.4,65.45,64.32000000000001,3311.9800000000005,3326.66,3319.36,49.8,39.833333333333336,-8.3,-8.333333333333334,80.0,327.6,49.988125,-61.22,3432.07,OFF,OFF,Night mode,OFF,54.8,35.0,OFF,OFF,Not pressed,Pressed,0.0,0.0
2024-06-26 17:02:36,39.75201820750825,30.477892784653463,809.0,65.456,64.326,3315.44,3328.4,3322.1800000000003,49.81,37.55882352941177,-9.52,-9.545454545454543,80.0,327.6,50.02875,-65.27,3236.47,OFF,OFF,Night mode,OFF,54.8,35.0,OFF,OFF,Not pressed,Pressed,0.0,0.0
2024-06-26 17:02:37,39.751997886691385,30.477778456942723,808.7,65.46000000000001,64.33,3316.91,3332.9,3324.06,49.870000000000005,35.166666666666664,-10.5,-10.411764705882351,80.0,327.6,50.03625,-64.75,3026.5,OFF,OFF,Night mode,OFF,54.8,35.0,OFF,OFF,Not pressed,Pressed,0.0,0.0
2024-06-26 17:02:38,39.75197908364313,30.47767147521685,809.0,65.46700000000001,64.337,3315.24,3326.53,3321.5600000000004,49.830000000000005,32.803030303030305,-9.961875,-10.181818181818182,80.0,327.6,50.036875,-56.21,2818.79,OFF,OFF,Night mode,OFF,54.8,35.0,OFF,OFF,Not pressed,Pressed,0.0,0.0
2024-06-26 17:02:39,39.75195972919255,30.47756998881988,809.3,65.47,64.34,3321.8700000000003,3339.1400000000003,3329.0700000000006,49.93000000000001,29.764705882352946,-16.0,-16.060606060606062,80.0,327.6,50.22875,-80.2,2565.73,OFF,OFF,Night mode,OFF,54.8,35.0,OFF,OFF,Not pressed,Pressed,0.0,0.0
2024-06-26 17:02:40,39.75194463382594,30.477470626436784,809.7,65.48,64.35,3323.53,3337.78,3330.7,49.970000000000006,26.62121212121212,-18.72,-18.73529411764705,80.0,327.6757575757576,50.221875,-78.91,2298.07,OFF,OFF,Night mode,OFF,54.8,35.0,OFF,OFF,Not pressed,Pressed,0.0,0.0
2024-06-26 17:02:41,39.75192963930349,30.477384233830843,809.8,65.486,64.356,3312.7700000000004,3323.0200000000004,3319.24,49.790000000000006,23.74242424242424,-1.106875,0.2727272727272727,80.0,327.70000000000005,49.63375,10.71,2053.36,OFF,OFF,Night mode,OFF,54.8,35.0,OFF,OFF,Not pressed,Pressed,0.0,0.0
2024-06-26 17:02:42,39.751916873762376,30.4773129009901,809.6,65.478,64.348,3271.55,3287.5800000000004,3283.2600000000007,49.25000000000001,24.47058823529412,24.6,24.57575757575757,80.0,327.70000000000005,48.685,147.09,2115.46,OFF,OFF,Night mode,OFF,54.8,35.0,OFF,OFF,Not pressed,Pressed,0.0,0.0
2024-06-26 17:02:43,39.751903184178,30.47724390461475,809.4,65.47,64.34,3284.79,3294.1400000000003,3290.8900000000003,49.36,25.74242424242424,14.5375,14.205882352941176,79.98,327.70000000000005,49.008125,86.31,2221.87,OFF,OFF,Night mode,OFF,54.8,35.0,OFF,OFF,Not pressed,Pressed,0.0,0.0
2024-06-26 17:02:44,39.75189335478547,30.47717176072608,809.1,65.46100000000001,64.33099999999999,3294.8200000000006,3303.16,3300.5,49.510000000000005,25.96969696969697,6.04,5.696969696969697,80.0,327.70000000000005,49.345,37.22,2239.58,OFF,OFF,Night mode,OFF,54.8,35.0,OFF,OFF,Not pressed,Pressed,0.0,0.0
2024-06-26 17:02:45,39.75188270248447,30.47710385797101,809.1,65.46000000000001,64.33,3309.5,3318.79,3315.4300000000003,49.74,24.823529411764707,-5.78,-5.757575757575758,80.0,327.70000000000005,49.83875,-24.58,2144.94,OFF,OFF,Night mode,OFF,54.8,35.0,OFF,OFF,Not pressed,Pressed,0.0,0.0
2024-06-26 17:02:46,39.75187277380952,30.47703194006568,809.0,65.46000000000001,64.33,3297.2700000000004,3305.5,3302.9,49.55,24.01515151515152,8.34,8.529411764705882,79.98,327.70000000000005,49.2825,50.29,2078.3,OFF,OFF,Night mode,OFF,54.8,35.0,OFF,OFF,Not pressed,Pressed,0.0,0.0
2024-06-26 17:02:47,39.75186130597015,30.476958021558872,808.9,65.459,64.329,3291.6,3300.28,3297.46,49.5,24.33333333333333,11.0,11.0,80.0,327.70000000000005,49.15375,65.37,2108.95,OFF,OFF,Night mode,OFF,54.8,35.0,OFF,OFF,Not pressed,Pressed,0.0,0.0
2024-06-26 17:02:48,39.75184781827558,30.476890011963693,808.6,65.45,64.32000000000001,3291.05,3299.34,3296.6,49.46,24.75,11.0,11.0,80.0,327.70000000000005,49.1525,66.04,2140.74,OFF,OFF,Night mode,OFF,54.8,35.0,OFF,OFF,Not pressed,Pressed,0.0,0.0
2024-06-26 17:02:49,39.751832343840135,30.47682416460651,808.7,65.449,64.319,3289.5800000000004,3299.1800000000003,3296.04,49.42,25.166666666666668,11.0,11.0,80.0,327.70000000000005,49.13375,67.02,2177.64,OFF,OFF,Night mode,OFF,54.8,35.0,OFF,OFF,Not pressed,Pressed,0.0,0.0
2024-06-26 17:02:50,39.75181786761668,30.476755567740607,808.8,65.44,64.31,3290.6100000000006,3299.4200000000005,3296.54,49.470000000000006,25.51515151515152,10.16,10.12121212121212,80.0,327.70000000000005,49.175,61.47,2212.46,OFF,OFF,Night mode,OFF,54.8,35.0,OFF,OFF,Not pressed,Pressed,0.0,0.0
2024-06-26 17:02:51,39.75180787437811,30.476686048092866,808.9,65.439,64.309,3290.5100000000007,3299.6400000000003,3296.7,49.46,25.924242424242426,10.0,10.0,80.0,327.70000000000005,49.168125,61.06,2236.33,OFF,OFF,Night mode,OFF,54.8,35.0,OFF,OFF,Not pressed,Pressed,0.0,0.0
2024-06-26 17:02:52,39.7517983202132,30.47661636408364,808.9,65.43,64.3,3290.41,3299.25,3296.4,49.42,26.0,10.0,10.0,80.0,327.70000000000005,49.17,61.28,2249.51,OFF,OFF,Night mode,OFF,54.8,35.0,OFF,OFF,Not pressed,Pressed,0.0,0.0
2024-06-26 17:02:53,39.75178757660456,30.476546123188403,808.9,65.429,64.299,3289.6800000000003,3299.15,3296.09,49.43000000000001,26.21212121212121,10.0,10.0,80.0,327.70000000000005,49.16875,61.81,2265.29,OFF,OFF,Night mode,OFF,54.8,35.0,OFF,OFF,Not pressed,Pressed,0.0,0.0
2024-06-26 17:02:54,39.751774137339936,30.4764735842627,808.9,65.42,64.29,3289.34,3298.8700000000003,3295.78,49.41,26.484848484848484,10.0,10.0,80.0,327.70000000000005,49.151875,62.12,2285.11,OFF,OFF,Night mode,OFF,54.8,35.0,OFF,OFF,Not pressed,Pressed,0.0,0.0
2024-06-26 17:02:55,39.751762989711935,30.4763953382716,808.9,65.41900000000001,64.28900000000002,3290.4,3298.4600000000005,3295.79,49.400000000000006,26.647058823529413,10.0,10.0,80.0,327.70000000000005,49.14625,62.67,2305.77,OFF,OFF,Night mode,OFF,54.8,35.0,OFF,OFF,Not pressed,Pressed,0.0,0.0
2024-06-26 17:02:56,39.75175456505576,30.476322293060715,809.0,65.41,64.28,3289.78,3299.1,3296.2300000000005,49.42,27.03030303030303,7.6375,7.151515151515151,80.0,327.7545454545455,49.24625,49.65,2337.47,OFF,OFF,Night mode,OFF,54.8,35.0,OFF,OFF,Not pressed,Pressed,0.0,0.0
2024-06-26 17:02:57,39.75174413308456,30.476248657545607,808.8,65.41,64.28,3316.0700000000006,3330.1200000000003,3322.84,49.84,25.545454545454547,-17.2575,-17.575757575757574,80.0,327.8,50.179375,-73.65,2203.6,OFF,OFF,Night mode,OFF,54.8,35.0,OFF,OFF,Not pressed,Pressed,0.0,0.0
2024-06-26 17:02:58,39.75173618839688,30.476176464944647,808.9,65.41900000000001,64.28900000000002,3317.5700000000006,3330.4800000000005,3324.71,49.88000000000001,22.41176470588235,-14.84125,-14.058823529411764,80.0,327.8,50.043125,-50.94,1939.53,OFF,OFF,Night mode,OFF,54.8,35.0,OFF,OFF,Not pressed,Pressed,0.0,0.0
2024-06-26 17:02:59,39.75172857711442,30.476109048507464,808.8,65.42,64.29,3293.3700000000003,3302.75,3299.88,49.49,21.74242424242424,13.54,13.93939393939394,80.0,327.8,49.14,73.93,1885.37,OFF,OFF,Night mode,OFF,54.8,35.0,OFF,OFF,Not pressed,Pressed,0.0,0.0
2024-06-26 17:03:00,39.75171893824865,30.476047923378765,808.9,65.411,64.281,3285.0600000000004,3295.3,3292.1,49.38000000000001,22.90909090909091,17.46,17.515151515151516,80.0,327.8,48.935625,97.37,1985.27,OFF,OFF,Night mode,OFF,54.8,35.0,OFF,OFF,Not pressed,Pressed,0.0,0.0
2024-06-26 17:03:01,39.75171367386832,30.47598518106996,808.8,65.40299999999999,64.273,3279.79,3291.6800000000003,3288.3,49.31,24.38235294117647,19.0,19.0,80.0,327.8,48.8475,110.12,2108.85,OFF,OFF,Night mode,OFF,54.8,35.0,OFF,OFF,Not pressed,Pressed,0.0,0.0
2024-06-26 17:03:02,39.75171346823433,30.475919241955445,808.8,65.39500000000001,64.265,3276.5800000000004,3290.06,3286.04,49.3,25.803030303030305,17.94,17.87878787878788,80.0,327.8,48.813125,110.17,2232.92,OFF,OFF,Night mode,OFF,54.8,35.0,OFF,OFF,Not pressed,Pressed,0.0,0.0
2024-06-26 17:03:03,39.7517139477612,30.47585046268657,808.6,65.387,64.257,3285.0100000000007,3295.69,3292.4200000000005,49.400000000000006,26.90909090909091,7.18875,6.515151515151516,80.0,327.8,49.219375,51.32,2328.33,OFF,OFF,Night mode,OFF,54.8,35.0,OFF,OFF,Not pressed,Pressed,0.0,0.0
2024-06-26 17:03:04,39.75171023308734,30.475773855473552,808.3,65.388,64.25800000000001,3317.4300000000003,3330.99,3324.69,49.86,25.23529411764705,-16.42,-15.970588235294118,80.0,327.8,50.133125,-69.48,2179.01,OFF,OFF,Night mode,OFF,54.8,35.0,OFF,OFF,Not pressed,Pressed,0.0,0.0
2024-06-26 17:03:05,39.75171178980099,30.475699378109457,808.2,65.39,64.26,3300.6700000000005,3308.5800000000004,3306.1600000000008,49.6,24.01515151515152,6.0,6.545454545454546,80.0,327.8,49.38625,36.58,2073.0,OFF,OFF,Night mode,OFF,54.8,35.0,OFF,OFF,Not pressed,Pressed,0.0,0.0
2024-06-26 17:03:06,39.751714844099375,30.475631542443065,807.9,65.387,64.257,3289.6100000000006,3299.31,3296.21,49.440000000000005,24.424242424242426,12.06,12.090909090909092,80.0,327.8,49.115625,71.93,2114.64,OFF,OFF,Night mode,OFF,54.8,35.0,OFF,OFF,Not pressed,Pressed,0.0,0.0
2024-06-26 17:03:07,39.751719072016456,30.47556248148148,807.8,65.38,64.25,3287.91,3296.9300000000003,3293.9300000000003,49.400000000000006,25.25,13.0,13.0,80.0,327.8,49.064375,78.61,2182.09,OFF,ON,Night mode,OFF,54.8,35.0,OFF,OFF,Not pressed,Pressed,0.0,0.0
2024-06-26 17:03:08,39.75172205596861,30.475493270962414,807.4,65.373,64.243,3285.26,3295.99,3292.75,49.400000000000006,26.151515151515152,13.0,13.0,80.0,327.8,49.02,81.08,2261.88,OFF,ON,Night mode,OFF,54.8,35.0,OFF,OFF,Not pressed,Pressed,0.0,0.0
2024-06-26 17:03:09,39.75172550248756,30.47542145688225,807.3,65.37,64.24,3287.79,3297.2200000000003,3294.13,49.43000000000001,26.62121212121212,8.7,8.303030303030303,80.0,327.8,49.19125,56.7,2302.88,OFF,ON,Night mode,OFF,54.8,35.0,OFF,OFF,Not pressed,Pressed,0.0,0.0
2024-06-26 17:03:10,39.75172312484625,30.47534469741697,807.2,65.37,64.24,3316.4,3330.75,3323.2,49.84,25.176470588235293,-17.72,-17.941176470588236,80.0,327.8,50.1725,-74.07,2174.03,OFF,ON,Night mode,OFF,54.8,35.0,OFF,OFF,Not pressed,Pressed,0.0,0.0
2024-06-26 17:03:11,39.7517234378882,30.475270061076607,806.9,65.372,64.24199999999999,3318.45,3333.1400000000003,3325.59,49.89,22.07575757575757,-16.36,-15.87878787878788,80.0,327.8,50.09,-55.29,1912.25,OFF,ON,Night mode,OFF,54.8,35.0,OFF,OFF,Not pressed,Pressed,0.0,0.0
2024-06-26 17:03:12,39.75172244465097,30.475200448781493,806.7,65.377,64.247,3299.8200000000006,3307.8,3305.4200000000005,49.57,21.0,9.139375,9.454545454545457,80.0,327.8,49.328125,47.9,1812.38,OFF,ON,Night mode,OFF,54.8,35.0,OFF,OFF,Not pressed,Pressed,0.0,0.0
2024-06-26 17:03:13,39.75172399917695,30.47514098065844,806.5,65.37,64.24,3290.79,3301.1800000000003,3298.13,49.48,21.676470588235293,12.98,13.0,80.0,327.864705882353,49.14375,69.04,1881.67,OFF,ON,Night mode,OFF,54.8,35.0,OFF,OFF,Not pressed,Pressed,0.0,0.0
2024-06-26 17:03:14,39.751724920487405,30.475080637752992,806.1,65.365,64.235,3292.5,3301.0,3298.2200000000003,49.49,22.37878787878788,10.44,10.12121212121212,80.0,327.90000000000003,49.230625,56.29,1938.85,OFF,ON,Night mode,OFF,54.8,35.0,OFF,OFF,Not pressed,Pressed,0.0,0.0
2024-06-26 17:03:15,39.75172439883914,30.475015618988387,805.9,65.361,64.23100000000001,3312.6700000000005,3325.0700000000006,3319.35,49.8,21.40909090909091,-14.55875,-15.06060606060606,80.0,327.90000000000003,50.04625,-49.94,1847.91,OFF,ON,Night mode,OFF,54.8,35.0,OFF,OFF,Not pressed,Pressed,0.0,0.0
2024-06-26 17:03:16,39.751722682656826,30.47495394403444,806.0,65.37,64.24,3317.8300000000004,3331.04,3324.3300000000004,49.900000000000006,18.16176470588235,-17.64,-17.558823529411764,80.0,327.90000000000003,50.0725,-47.22,1571.24,OFF,ON,Night mode,OFF,54.8,35.0,OFF,OFF,Not pressed,Pressed,0.0,0.0
2024-06-26 17:03:17,39.75172019900498,30.47489828524046,806.1,65.37,64.24,3314.85,3324.2300000000005,3321.0200000000004,49.8,15.303030303030305,-12.44,-11.848484848484848,80.0,327.90000000000003,49.929375,-27.01,1328.21,OFF,ON,Night mode,OFF,54.8,35.0,OFF,OFF,Not pressed,Pressed,0.0,0.0
2024-06-26 17:03:18,39.75171562783973,30.474850429161503,807.1,65.37,64.24,3302.0,3310.0,3307.5,49.620000000000005,14.030303030303031,11.23875,11.636363636363637,80.0,327.90000000000003,49.4,42.4,1217.31,OFF,ON,Night mode,OFF,54.8,35.0,OFF,OFF,Not pressed,Pressed,0.0,0.0
2024-06-26 17:03:19,39.75171080473251,30.47480522222222,806.8,65.37,64.24,3292.6200000000003,3300.8100000000004,3298.2700000000004,49.470000000000006,14.676470588235292,21.1,21.264705882352946,80.0,327.90000000000003,49.100625,82.71,1278.49,OFF,ON,Night mode,OFF,54.8,35.0,OFF,OFF,Not pressed,Pressed,0.0,0.0
2024-06-26 17:03:20,39.75169655610561,30.47476998432344,806.5,65.36,64.23,3285.9200000000005,3296.1800000000003,3293.03,49.39,15.757575757575758,24.44,24.63636363636364,79.98,327.90000000000003,48.9575,100.7,1367.92,OFF,ON,Night mode,OFF,54.8,35.0,OFF,OFF,Not pressed,Pressed,0.0,0.0
2024-06-26 17:03:21,39.751674888059696,30.47474059825871,806.3,65.352,64.22200000000001,3276.5600000000004,3289.8700000000003,3286.2700000000004,49.3,17.515151515151516,28.0,28.0,79.98,327.90000000000003,48.754375,126.13,1524.86,OFF,OFF,Night mode,OFF,54.8,35.0,OFF,OFF,Not pressed,Pressed,0.0,0.0
2024-06-26 17:03:22,39.75163578228783,30.474727122386227,805.9,65.343,64.21300000000001,3277.21,3288.9700000000003,3285.35,49.290000000000006,19.36764705882353,24.66,24.38235294117647,80.0,327.90000000000003,48.790625,118.81,1685.04,OFF,OFF,Night mode,OFF,54.8,35.0,OFF,OFF,Not pressed,Pressed,0.0,0.0
2024-06-26 17:03:23,39.751589872097846,30.474741166044776,805.9,65.334,64.19800000000001,3285.9800000000005,3296.56,3293.49,49.400000000000006,21.07575757575757,10.501875,9.212121212121213,80.0,327.90000000000003,49.204375,56.67,1826.03,OFF,OFF,Night mode,OFF,54.8,35.0,OFF,OFF,Not pressed,Pressed,0.0,0.0
2024-06-26 17:03:24,39.75154882589839,30.47476079244114,805.7,65.33,64.19,3303.45,3312.11,3309.1400000000003,49.64,20.924242424242426,-0.340625,0.0909090909090909,80.0,327.90000000000003,49.6075,3.27,1810.48,OFF,OFF,Night mode,OFF,54.8,35.0,OFF,OFF,Not pressed,Pressed,0.0,0.0
2024-06-26 17:03:25,39.75150592880657,30.474775888477364,805.5,65.329,64.189,3279.76,3292.9600000000005,3289.6800000000003,49.36,20.308823529411764,23.54,24.647058823529413,80.0,327.90000000000003,48.735,131.26,1765.44,OFF,OFF,Night mode,OFF,54.8,35.0,OFF,OFF,Not pressed,Pressed,0.0,0.0
2024-06-26 17:03:26,39.75145648513011,30.47478439714994,805.7,65.316,64.176,3259.0600000000004,3278.0800000000004,3273.5800000000004,49.1,21.545454545454547,33.66,33.696969696969695,80.0,327.90000000000003,48.330625,180.48,1865.27,OFF,OFF,Night mode,OFF,54.8,35.0,OFF,OFF,Not pressed,Pressed,0.0,0.0
2024-06-26 17:03:27,39.75140771475954,30.47479021310116,805.8,65.30199999999999,64.162,3246.42,3269.4700000000003,3263.67,48.96,22.90909090909091,37.42,37.51515151515152,80.0,327.90000000000003,48.128125,214.67,1985.82,OFF,OFF,Night mode,OFF,54.8,35.0,OFF,OFF,Not pressed,Pressed,0.0,0.0
2024-06-26 17:03:28,39.75135734235342,30.47480076445264,806.0,65.285,64.14500000000001,3239.34,3266.9300000000003,3260.5,48.91,24.73529411764705,35.66,35.55882352941177,80.0,327.90000000000003,48.09875,215.61,2140.91,OFF,OFF,Night mode,OFF,54.8,35.0,OFF,OFF,Not pressed,Pressed,0.0,0.0
2024-06-26 17:03:29,39.75130056211181,30.47480535714286,806.0,65.268,64.128,3254.74,3269.9800000000005,3264.86,48.96,26.393939393939394,24.965625,23.484848484848484,80.0,327.90000000000003,48.455625,160.1,2284.15,OFF,OFF,Night mode,OFF,54.8,35.0,OFF,OFF,Not pressed,Pressed,0.0,0.0
2024-06-26 17:03:30,39.75124443866171,30.474806420487404,806.1,65.262,64.122,3307.41,3321.3300000000004,3314.4,49.720000000000006,24.51515151515152,-17.089375,-17.575757575757574,80.0,327.90000000000003,50.010625,-67.34,2113.34,OFF,OFF,Night mode,OFF,54.8,35.0,OFF,OFF,Not pressed,Pressed,0.0,0.0
2024-06-26 17:03:31,39.75118857037037,30.4748127090535,806.2,65.27,64.13,3311.1800000000003,3322.38,3317.59,49.77,20.514705882352946,-12.80125,-11.529411764705882,80.0,327.90000000000003,49.87375,-38.44,1771.23,OFF,OFF,Night mode,OFF,54.8,35.0,OFF,OFF,Not pressed,Pressed,0.0,0.0
2024-06-26 17:03:32,39.751138963031806,30.474816525402723,806.3,65.26899999999999,64.12899999999999,3279.4800000000005,3290.9100000000008,3287.6200000000003,49.31,19.984848484848484,22.15875,22.75757575757576,80.0,327.90000000000003,48.77,115.72,1733.98,OFF,OFF,Night mode,OFF,54.8,35.0,OFF,OFF,Not pressed,Pressed,0.0,0.0
2024-06-26 17:03:33,39.75109132338308,30.474819391791044,806.3,65.25800000000001,64.11800000000001,3263.11,3280.6700000000005,3276.4700000000003,49.14,21.63636363636364,28.12,28.21212121212121,80.0,327.92727272727274,48.52875,149.94,1872.91,OFF,OFF,Night mode,OFF,54.8,35.0,OFF,OFF,Not pressed,Pressed,0.0,0.0
2024-06-26 17:03:34,39.75104472160722,30.474825701927017,806.7,65.24600000000001,64.106,3267.13,3278.75,3274.75,49.11,21.73529411764705,29.0,29.0,80.0,328.0,48.4925,153.76,1877.36,OFF,OFF,Night mode,OFF,54.8,35.0,OFF,OFF,Not pressed,Pressed,0.0,0.0
2024-06-26 17:03:35,39.75099402736319,30.47482693864013,806.9,65.235,64.095,3263.77,3277.81,3273.1600000000003,49.1,21.727272727272727,29.0,29.0,80.0,328.0,48.461875,154.06,1882.8,OFF,OFF,Night mode,OFF,54.8,35.0,OFF,OFF,Not pressed,Pressed,0.0,0.0
2024-06-26 17:03:36,39.75094576249483,30.47482609541512,807.2,65.223,64.083,3262.1000000000004,3276.51,3272.34,49.1,21.63636363636364,29.0,29.0,80.06,328.0,48.450625,153.12,1870.31,OFF,OFF,Night mode,OFF,54.8,35.0,OFF,OFF,Not pressed,Pressed,0.0,0.0
2024-06-26 17:03:37,39.7508985925926,30.47482151851852,807.4,65.21000000000001,64.07000000000001,3255.29,3273.44,3268.57,49.03,21.352941176470587,32.18,32.411764705882355,80.06,328.0,48.335625,171.21,1844.66,OFF,OFF,Night mode,OFF,54.8,35.0,OFF,OFF,Not pressed,Pressed,0.0,0.0
2024-06-26 17:03:38,39.750852653465344,30.47482115078383,807.6,65.196,64.056,3245.3,3265.78,3259.6,48.89,22.045454545454547,38.64,38.78787878787879,80.16,328.0,48.050625,214.95,1912.69,OFF,OFF,Night mode,OFF,54.8,35.0,OFF,OFF,Not pressed,Pressed,0.0,0.0
2024-06-26 17:03:39,39.750806567164176,30.474825101160864,807.7,65.17800000000001,64.038,3235.24,3261.96,3254.4700000000003,48.81,23.484848484848484,38.4,38.30303030303031,80.28,328.0,47.958125,222.82,2035.4,OFF,OFF,Night mode,OFF,54.8,35.0,OFF,OFF,Not pressed,Pressed,0.0,0.0
2024-06-26 17:03:40,39.75075405125051,30.4748255,808.0,65.162,64.022,3231.4100000000003,3260.51,3253.44,48.790000000000006,25.014705882352946,35.54,35.44117647058823,80.36,328.0,48.0,218.43,2165.93,OFF,OFF,Night mode,OFF,54.8,35.0,OFF,OFF,Not pressed,Pressed,0.0,0.0
2024-06-26 17:03:41,39.75070279726367,30.474825951492537,808.1,65.144,64.00399999999999,3238.8100000000004,3260.4700000000003,3254.6600000000003,48.82000000000001,26.5,30.5,30.0,80.53,328.0,48.06375,198.47,2286.82,OFF,OFF,Night mode,OFF,54.8,35.0,OFF,OFF,Not pressed,Pressed,0.0,0.0
2024-06-26 17:03:42,39.75064594237918,30.474827192895496,808.3,65.131,63.991,3285.0,3298.53,3293.1,49.4,25.77272727272728,-5.27,-6.575757575757576,80.65,328.0,49.539375,-13.2,2221.42,OFF,OFF,Night mode,OFF,54.8,35.0,OFF,OFF,Not pressed,Pressed,0.0,0.0
2024-06-26 17:03:43,39.75058712427984,30.474826729218105,808.5,65.14,64.0,3301.44,3311.94,3307.7300000000005,49.620000000000005,21.88235294117647,-6.5225,-5.529411764705882,80.77,328.0,49.63125,-19.06,1890.49,OFF,OFF,Night mode,OFF,54.8,35.0,OFF,OFF,Not pressed,Pressed,0.0,0.0
2024-06-26 17:03:44,39.75053627385378,30.47482606939281,808.8,65.14,64.0,3295.6700000000005,3305.9100000000008,3301.6700000000005,49.53,19.227272727272727,-5.79875,-6.878787878787879,80.86,328.0,49.61125,-11.47,1664.59,OFF,OFF,Night mode,OFF,54.8,35.0,OFF,OFF,Not pressed,Pressed,0.0,0.0
2024-06-26 17:03:45,39.75048837769487,30.47482203171642,808.8,65.14,64.0,3305.13,3316.1400000000003,3311.49,49.690000000000005,15.015151515151516,-15.3,-15.181818181818182,80.96,328.0,49.8125,-32.54,1300.17,OFF,OFF,Night mode,OFF,54.8,35.0,OFF,OFF,Not pressed,Pressed,0.0,0.0
2024-06-26 17:03:46,39.75044690774907,30.47481576650265,808.9,65.14,64.0,3296.96,3305.31,3302.71,49.53,11.411764705882351,6.416875,7.9411764705882355,81.01,328.0,49.373125,28.63,994.72,OFF,OFF,Night mode,OFF,54.8,35.0,OFF,OFF,Not pressed,Pressed,0.0,0.0
2024-06-26 17:03:47,39.75040895486542,30.47481225175984,809.0,65.136,63.996,3270.1600000000003,3285.0200000000004,3281.1200000000003,49.220000000000006,11.333333333333334,38.8,39.45454545454545,80.97,328.0,48.63625,134.08,994.69,OFF,OFF,Night mode,OFF,54.8,35.0,OFF,OFF,Not pressed,Pressed,0.0,0.0
2024-06-26 17:03:48,39.75037938289963,30.47480963403552,809.7,65.124,63.984,3257.62,3272.61,3267.6800000000003,49.03,13.893939393939394,46.66,46.66666666666666,81.02,328.0,48.231875,185.8,1213.76,OFF,OFF,Night mode,OFF,54.8,35.0,OFF,OFF,Not pressed,Pressed,0.0,0.0
2024-06-26 17:03:49,39.75035031353135,30.47481112541254,809.7,65.10900000000001,63.96900000000001,3247.9,3269.4100000000003,3264.2300000000005,48.970000000000006,16.397058823529413,41.678125,40.61764705882353,81.04,328.0,48.244375,183.69,1429.5,OFF,OFF,Night mode,OFF,54.8,35.0,OFF,OFF,Not pressed,Pressed,0.0,0.0
2024-06-26 17:03:50,39.7503164039653,30.474811779429984,810.3,65.1,63.96,3291.9800000000005,3302.2700000000004,3298.78,49.470000000000006,15.727272727272728,-7.9075,-9.393939393939394,81.1,328.0,49.615,-13.55,1367.35,OFF,OFF,Night mode,OFF,54.8,35.0,OFF,OFF,Not pressed,Pressed,0.0,0.0
2024-06-26 17:03:51,39.75028350870647,30.47481834577114,810.3,65.1,63.96,3294.55,3302.6400000000003,3300.0600000000004,49.49,12.681818181818182,5.899375,6.636363636363637,81.16,328.0,49.371875,22.69,1104.98,OFF,OFF,Night mode,OFF,54.8,35.0,OFF,OFF,Not pressed,Pressed,0.0,0.0
2024-06-26 17:03:52,39.7502538595736,30.47482332246822,810.2,65.1,63.96,3283.3200000000006,3293.0800000000004,3289.8200000000006,49.35000000000001,11.779411764705882,23.48,24.205882352941178,81.43,328.0,48.975,79.87,1027.46,OFF,OFF,Night mode,OFF,54.8,35.0,OFF,OFF,Not pressed,Pressed,0.0,0.0
2024-06-26 17:03:53,39.75022663681592,30.4748241318408,810.4,65.088,63.948,3255.03,3270.6400000000003,3266.01,48.98,13.651515151515152,51.91875,53.0,81.55,328.0,48.02375,214.2,1190.97,OFF,OFF,Night mode,OFF,54.8,35.0,OFF,OFF,Not pressed,Pressed,0.0,0.0
2024-06-26 17:03:54,39.75019876517968,30.474824756505576,810.3,65.069,63.929,3218.78,3250.9800000000005,3242.05,48.620000000000005,18.07575757575757,60.925625,61.0,81.71,328.0,47.445,305.67,1575.11,OFF,OFF,Night mode,OFF,54.8,35.0,OFF,OFF,Not pressed,Pressed,0.0,0.0
2024-06-26 17:03:55,39.7501626228395,30.474822304320988,810.7,65.045,63.905,3216.11,3245.76,3236.92,48.55,22.279411764705884,47.85375,47.88235294117647,81.85,328.0352941176471,47.588125,269.31,1927.94,OFF,OFF,Night mode,OFF,54.8,35.0,OFF,OFF,Not pressed,Pressed,0.0,0.0
2024-06-26 17:03:56,39.750123175330025,30.47482813985149,813.8,65.03,63.89,3263.05,3278.29,3273.86,49.1,23.484848484848484,18.78,18.63636363636364,81.87,328.1,48.67,103.11,2021.39,OFF,OFF,Night mode,OFF,54.8,35.0,OFF,OFF,Not pressed,Pressed,0.0,0.0
2024-06-26 17:03:57,39.75007507089552,30.474829284825866,810.4,65.02099999999999,63.88100000000001,3258.88,3273.87,3269.6000000000004,49.03,23.560606060606062,23.88,23.90909090909091,81.96,328.1,48.48,135.96,2036.55,OFF,OFF,Night mode,OFF,54.8,35.0,OFF,OFF,Not pressed,Pressed,0.0,0.0
2024-06-26 17:03:58,39.75002699876999,30.47483124948749,814.1,65.01,63.870000000000005,3261.27,3273.71,3269.7200000000003,49.04,24.16176470588235,23.26,23.23529411764705,81.98,328.1,48.475,134.91,2087.89,OFF,OFF,Night mode,OFF,54.8,35.0,OFF,OFF,Not pressed,Pressed,0.0,0.0
2024-06-26 17:03:59,39.74997106944444,30.47483165277778,810.8,64.999,63.858,3259.7200000000003,3274.3300000000004,3269.4800000000005,49.03,24.727272727272727,22.82,22.78787878787879,81.98,328.1,48.478125,135.48,2137.49,OFF,OFF,Night mode,OFF,54.8,35.0,OFF,OFF,Not pressed,Pressed,0.0,0.0
2024-06-26 17:04:00,39.74991984820323,30.4748340590665,814.5,64.989,63.839,3262.25,3274.02,3270.1800000000003,49.06,25.045454545454547,22.0,22.0,82.0,328.1,48.5,132.97,2169.73,OFF,OFF,Night mode,OFF,54.8,35.0,OFF,OFF,Not pressed,Pressed,0.0,0.0
2024-06-26 17:04:01,39.74986791975308,30.47484431481481,812.3,64.978,63.828,3260.4,3273.65,3269.4,49.05,25.573529411764707,22.0,22.0,82.0,328.1,48.479375,135.25,2208.93,OFF,OFF,Night mode,OFF,54.8,35.0,OFF,OFF,Not pressed,Pressed,0.0,0.0
2024-06-26 17:04:02,39.74981660016521,30.47485102313093,814.5,64.968,63.818000000000005,3258.9800000000005,3273.54,3269.09,49.02,26.07575757575757,21.2,21.151515151515152,82.0,328.1,48.491875,132.32,2254.45,OFF,OFF,Night mode,OFF,54.8,35.0,OFF,OFF,Not pressed,Pressed,0.0,0.0
2024-06-26 17:04:03,39.7497629079602,30.474858990257047,815.1,64.96000000000001,63.81,3270.37,3280.31,3276.88,49.16,26.28787878787879,13.7,13.303030303030305,82.02,328.1,48.81625,83.62,2267.92,OFF,OFF,Night mode,OFF,54.8,35.0,OFF,OFF,Not pressed,Pressed,0.0,0.0
2024-06-26 17:04:04,39.74970924805248,30.47486629479295,814.8,64.951,63.801,3280.2700000000004,3289.4,3286.19,49.28000000000001,25.294117647058822,9.24,9.5,82.06,328.1,49.00875,57.01,2186.96,OFF,OFF,Night mode,OFF,54.8,35.0,OFF,OFF,Not pressed,Pressed,0.0,0.0
2024-06-26 17:04:05,39.74964769937888,30.474861854244303,814.4,64.949,63.799,3272.9700000000003,3283.03,3279.5200000000004,49.2,24.96969696969697,15.52,15.636363636363637,82.24,328.1,48.7825,94.28,2146.87,OFF,OFF,Night mode,OFF,54.8,35.0,OFF,OFF,Not pressed,Pressed,0.0,0.0
2024-06-26 17:04:06,39.74959491945477,30.474866731102846,814.6,64.94,63.79,3268.6,3281.4,3277.5,49.190000000000005,24.681818181818183,17.12,17.151515151515152,82.24,328.1,48.7225,102.03,2139.33,OFF,OFF,Night mode,OFF,54.8,35.0,OFF,OFF,Not pressed,Pressed,0.0,0.0
2024-06-26 17:04:07,39.74953923703704,30.474864910288066,814.5,64.93100000000001,63.781000000000006,3268.4000000000005,3279.9100000000008,3276.1600000000003,49.120000000000005,24.647058823529413,18.34,18.38235294117647,82.35,328.1,48.669375,107.98,2130.46,OFF,OFF,Night mode,OFF,54.8,35.0,OFF,OFF,Not pressed,Pressed,0.0,0.0
2024-06-26 17:04:08,39.74948704729451,30.47486511400248,813.9,64.922,63.772000000000006,3267.92,3278.8,3275.46,49.120000000000005,24.71212121212121,19.0,19.0,82.48,328.1,48.6575,111.41,2136.41,OFF,OFF,Night mode,OFF,54.8,35.0,OFF,OFF,Not pressed,Pressed,0.0,0.0
2024-06-26 17:04:09,39.74943240298508,30.4748636513267,813.7,64.914,63.764,3266.0800000000004,3279.2,3275.24,49.1,24.984848484848484,19.1,19.12121212121212,82.5,328.1,48.663125,112.67,2148.32,OFF,OFF,Night mode,OFF,54.8,35.0,OFF,OFF,Not pressed,Pressed,0.0,0.0
2024-06-26 17:04:10,39.74937716072161,30.47485974333744,813.7,64.905,63.755,3265.26,3277.7200000000003,3273.57,49.1,25.147058823529413,20.0,20.0,82.71,328.1,48.604375,118.32,2179.18,OFF,OFF,Night mode,OFF,54.8,35.0,OFF,OFF,Not pressed,Pressed,0.0,0.0
2024-06-26 17:04:11,39.74932196517413,30.474860407131008,813.8,64.896,63.746,3264.44,3277.6800000000003,3273.75,49.1,25.53030303030303,19.58,19.545454545454547,82.77,328.1,48.630625,117.42,2207.39,OFF,OFF,Night mode,OFF,54.8,35.0,OFF,OFF,Not pressed,Pressed,0.0,0.0
2024-06-26 17:04:12,39.74927208550186,30.47487114560099,817.4,64.886,63.736,3265.63,3277.74,3273.79,49.1,25.984848484848484,19.46,19.484848484848484,82.84,328.17878787878794,48.605,118.64,2238.89,OFF,OFF,Night mode,OFF,54.8,35.0,OFF,OFF,Not pressed,Pressed,0.0,0.0
2024-06-26 17:04:13,39.74921620987654,30.47487412592592,817.2,64.877,63.727,3263.27,3276.62,3272.46,49.1,26.176470588235293,19.86,19.823529411764707,82.9,328.20000000000005,48.599375,121.12,2263.76,OFF,OFF,Night mode,OFF,54.8,35.0,OFF,OFF,Not pressed,Pressed,0.0,0.0
2024-06-26 17:04:14,39.74915941749175,30.47487553135313,814.6,64.867,63.717,3264.36,3277.25,3272.99,49.1,26.484848484848484,19.0,19.0,82.86,328.20000000000005,48.610625,117.83,2280.5,OFF,OFF,Night mode,OFF,54.8,35.0,OFF,OFF,Not pressed,Pressed,0.0,0.0
2024-06-26 17:04:15,39.74910219651741,30.47487702114428,814.7,64.85799999999999,63.708000000000006,3264.55,3277.28,3273.1500000000005,49.1,26.57575757575757,19.0,19.0,82.88,328.20000000000005,48.58875,118.77,2301.76,OFF,OFF,Night mode,OFF,54.8,35.0,OFF,OFF,Not pressed,Pressed,0.0,0.0
2024-06-26 17:04:16,39.74904456662567,30.474874650471502,814.6,64.849,63.699,3264.09,3276.7,3272.53,49.1,27.0,19.0,19.0,82.94,328.20000000000005,48.61,120.27,2333.01,OFF,OFF,Night mode,OFF,54.8,35.0,OFF,OFF,Not pressed,Pressed,0.0,0.0
2024-06-26 17:04:17,39.74898157504146,30.474869992951906,818.0,64.839,63.68900000000001,3262.63,3275.92,3271.79,49.1,27.33333333333333,18.94,18.90909090909091,82.93,328.20000000000005,48.598125,121.14,2365.37,OFF,OFF,Night mode,OFF,54.8,35.0,OFF,OFF,Not pressed,Pressed,0.0,0.0
2024-06-26 17:04:18,39.748919178232136,30.474873371540685,814.5,64.829,63.679,3264.99,3277.96,3273.88,49.1,27.439393939393938,17.68,17.545454545454547,82.99,328.20000000000005,48.6225,114.17,2369.36,OFF,OFF,Night mode,OFF,54.8,35.0,OFF,OFF,Not pressed,Pressed,0.0,0.0
2024-06-26 17:04:19,39.748856619341566,30.4748753436214,814.4,64.821,63.67100000000001,3293.7,3307.04,3300.6200000000003,49.5,26.176470588235293,-10.59125,-11.558823529411764,83.04,328.20000000000005,49.745625,-42.55,2257.14,OFF,OFF,Night mode,OFF,54.8,35.0,OFF,OFF,Not pressed,Pressed,0.0,0.0
2024-06-26 17:04:20,39.74880443597687,30.47489549359768,814.5,64.83,63.67999999999999,3304.99,3319.6700000000005,3312.0700000000006,49.68,22.439393939393938,-13.180625,-12.181818181818182,83.02,328.20000000000005,49.84375,-44.96,1939.27,OFF,OFF,Night mode,OFF,54.8,35.0,OFF,OFF,Not pressed,Pressed,0.0,0.0
2024-06-26 17:04:21,39.74875570874793,30.47490999253731,814.7,64.83,63.67999999999999,3281.59,3291.19,3288.01,49.330000000000005,21.0,14.38,14.696969696969695,83.08,328.20000000000005,48.953125,76.04,1816.85,OFF,OFF,Night mode,OFF,54.8,35.0,OFF,OFF,Not pressed,Pressed,0.0,0.0
2024-06-26 17:04:22,39.74870292742927,30.474905380073803,814.6,64.822,63.672,3276.62,3286.0,3282.8,49.24,21.23529411764705,17.84,17.970588235294116,83.1,328.20000000000005,48.828125,92.99,1840.82,OFF,OFF,Night mode,OFF,54.8,35.0,OFF,OFF,Not pressed,Pressed,0.0,0.0
2024-06-26 17:04:23,39.74865112608696,30.474895996687373,815.1,64.81500000000001,63.665,3270.69,3283.8900000000003,3279.49,49.2,21.53030303030303,20.0,20.0,83.08,328.20000000000005,48.7375,104.49,1873.73,OFF,OFF,Night mode,OFF,54.8,35.0,OFF,OFF,Not pressed,Pressed,0.0,0.0
2024-06-26 17:04:24,39.74860075485336,30.47488957249071,815.0,64.807,63.657,3269.3900000000003,3281.56,3277.6700000000005,49.18,22.24242424242424,20.9,20.96969696969697,83.11,328.20000000000005,48.68125,112.52,1920.89,OFF,OFF,Night mode,OFF,54.8,35.0,OFF,OFF,Not pressed,Pressed,0.0,0.0
2024-06-26 17:04:25,39.74855093209876,30.47488688271605,815.0,64.797,63.647000000000006,3264.65,3278.51,3274.1800000000003,49.1,23.029411764705884,21.82,21.58823529411765,83.16,328.20000000000005,48.621875,121.69,1989.57,OFF,OFF,Night mode,OFF,54.8,35.0,OFF,OFF,Not pressed,Pressed,0.0,0.0
2024-06-26 17:04:26,39.74850201280463,30.47488771478728,818.7,64.79,63.64,3291.2200000000003,3301.74,3298.2300000000005,49.49,22.393939393939394,-4.8575,-5.727272727272728,83.19,328.20000000000005,49.57,-11.87,1938.01,OFF,OFF,Night mode,OFF,54.8,35.0,OFF,OFF,Not pressed,Pressed,0.0,0.0
2024-06-26 17:04:27,39.74845049626866,30.47488211442786,814.8,64.79,63.64,3284.34,3293.5200000000004,3290.46,49.370000000000005,20.69696969696969,12.4925,13.030303030303031,83.18,328.20000000000005,49.01875,65.59,1797.83,OFF,OFF,Night mode,OFF,54.8,35.0,OFF,OFF,Not pressed,Pressed,0.0,0.0
2024-06-26 17:04:28,39.74840050553505,30.47487271320213,819.1,64.786,63.636,3275.7200000000003,3286.7700000000004,3283.28,49.24,20.83823529411765,17.7,17.823529411764707,83.19,328.20000000000005,48.8475,90.71,1802.94,OFF,OFF,Night mode,OFF,54.8,35.0,OFF,OFF,Not pressed,Pressed,0.0,0.0
2024-06-26 17:04:29,39.74834964676617,30.4748569340796,816.3,64.777,63.627,3270.17,3281.81,3278.2700000000004,49.18,21.318181818181817,21.76,21.848484848484848,83.25,328.26060606060605,48.6625,114.97,1846.47,OFF,OFF,Night mode,OFF,54.8,35.0,OFF,OFF,Not pressed,Pressed,0.0,0.0
2024-06-26 17:04:30,39.748300020446095,30.4748472701363,819.5,64.768,63.61800000000001,3266.65,3279.84,3276.0600000000004,49.15,22.24242424242424,22.0,22.0,83.32,328.3,48.630625,119.99,1923.78,OFF,OFF,Night mode,OFF,54.8,35.0,OFF,OFF,Not pressed,Pressed,0.0,0.0
2024-06-26 17:04:31,39.748252301234565,30.474848444855965,816.5,64.759,63.609,3266.6800000000003,3279.19,3275.1800000000003,49.120000000000005,22.94117647058824,21.48,21.44117647058824,83.14,328.3,48.601875,119.99,1987.07,OFF,OFF,Night mode,OFF,54.8,35.0,OFF,OFF,Not pressed,Pressed,0.0,0.0
2024-06-26 17:04:32,39.74820159511994,30.47485001778329,817.2,64.749,63.599,3266.21,3278.71,3274.5800000000004,49.1,23.560606060606062,20.58,20.454545454545453,83.32,328.3,48.631875,118.03,2040.57,OFF,OFF,Night mode,OFF,54.8,35.0,OFF,OFF,Not pressed,Pressed,0.0,0.0
2024-06-26 17:04:33,39.74815120024876,30.474848661691546,817.8,64.74,63.59000000000001,3277.1200000000003,3287.06,3283.76,49.27,23.893939393939394,12.1,11.93939393939394,83.41,328.3,48.964375,67.97,2060.6,OFF,OFF,Night mode,OFF,54.8,35.0,OFF,OFF,Not pressed,Pressed,0.0,0.0
2024-06-26 17:04:34,39.748099085280856,30.47484157831078,819.2,64.737,63.587,3276.71,3286.4,3283.1400000000003,49.27,23.48529411764705,14.54,14.647058823529411,83.37,328.3,48.871875,83.29,2034.06,OFF,OFF,Night mode,OFF,54.8,35.0,OFF,OFF,Not pressed,Pressed,0.0,0.0
2024-06-26 17:04:35,39.74805131343284,30.4748459079602,819.2,64.73,63.58,3272.99,3284.4700000000003,3280.78,49.2,23.5,16.0,16.0,83.56,328.3,48.8125,91.62,2031.13,OFF,OFF,Night mode,OFF,54.8,35.0,OFF,OFF,Not pressed,Pressed,0.0,0.0
2024-06-26 17:04:36,39.74799867740603,30.474847966336224,818.8,64.721,63.571000000000005,3273.52,3283.8100000000004,3280.26,49.2,23.424242424242426,16.52,16.545454545454547,83.5,328.3,48.78125,94.01,2023.97,OFF,OFF,Night mode,OFF,54.8,35.0,OFF,OFF,Not pressed,Pressed,0.0,0.0
2024-06-26 17:04:37,39.74794384403292,30.474850965843626,819.8,64.715,63.565,3270.59,3283.53,3279.4800000000005,49.2,23.558823529411764,17.0,17.0,83.54,328.3,48.77625,97.02,2038.55,OFF,OFF,Night mode,OFF,54.8,35.0,OFF,OFF,Not pressed,Pressed,0.0,0.0
2024-06-26 17:04:38,39.74788766542751,30.474851634448573,819.6,64.70700000000001,63.557,3271.1600000000003,3282.35,3278.8200000000006,49.2,23.75757575757576,17.0,17.0,83.48,328.3,48.77125,97.77,2054.3,OFF,OFF,Night mode,OFF,54.8,35.0,OFF,OFF,Not pressed,Pressed,0.0,0.0
2024-06-26 17:04:39,39.74783839179104,30.47485241397181,819.7,64.7,63.55,3271.32,3282.6200000000003,3278.94,49.2,24.060606060606062,17.0,16.96969696969697,83.66,328.3,48.756875,99.11,2086.06,OFF,OFF,Night mode,OFF,54.8,35.0,OFF,OFF,Not pressed,Pressed,0.0,0.0
2024-06-26 17:04:40,39.74778913226863,30.47485811752661,819.9,64.69,63.54,3271.4800000000005,3283.4700000000003,3279.7700000000004,49.2,24.5,16.0,16.0,83.55,328.3,48.80125,94.42574257425744,2121.0,OFF,OFF,Night mode,OFF,54.8,35.0,OFF,OFF,Not pressed,Pressed,0.0,0.0
2024-06-26 17:04:41,39.74773894679089,30.474865456107658,819.9,64.684,63.534000000000006,3271.3900000000003,3283.35,3279.6700000000005,49.2,24.74242424242424,16.0,16.0,83.54,328.3,48.77875,95.92,2142.64,OFF,OFF,Night mode,OFF,54.8,35.0,OFF,OFF,Not pressed,Pressed,0.0,0.0
2024-06-26 17:04:42,39.74768828252788,30.474868394052045,820.2,64.676,63.526,3269.99,3285.3900000000003,3281.11,49.23,25.0,13.28,13.090909090909092,83.53,328.3,48.88,79.14,2164.06,OFF,OFF,Night mode,OFF,54.8,35.0,OFF,OFF,Not pressed,Pressed,0.0,0.0
2024-06-26 17:04:43,39.74763654938272,30.474873278395066,820.2,64.67,63.52,3282.3300000000004,3290.9200000000005,3287.9700000000003,49.3,24.705882352941178,9.52,9.558823529411764,83.57,328.3,49.061875,56.2,2140.7,OFF,OFF,Night mode,OFF,54.8,35.0,OFF,OFF,Not pressed,Pressed,0.0,0.0
2024-06-26 17:04:44,39.74758515923172,30.47488085130112,820.1,64.66900000000001,63.51800000000001,3282.0,3290.9100000000008,3287.8300000000004,49.3,24.5,10.0,10.0,83.7,328.3,49.04625,58.62,2133.6,OFF,OFF,Night mode,OFF,54.8,35.0,OFF,OFF,Not pressed,Pressed,0.0,0.0
2024-06-26 17:04:45,39.7475368227612,30.474895855721392,818.9,64.66,63.5,3281.4,3290.5700000000006,3287.2600000000007,49.3,24.53030303030303,10.71,10.727272727272728,83.54,328.3,49.011875,63.96,2131.39,OFF,OFF,Night mode,OFF,54.8,35.0,OFF,OFF,Not pressed,Pressed,0.0,0.0
2024-06-26 17:04:46,39.74748686838869,30.474905225707257,819.6,64.657,63.497,3281.05,3290.4200000000005,3287.15,49.3,24.5,10.25,9.970588235294118,83.51,328.3352941176471,49.016875,61.26,2130.52,OFF,OFF,Night mode,OFF,54.8,35.0,OFF,OFF,Not pressed,Pressed,0.0,0.0
2024-06-26 17:04:47,39.74743551907131,30.47490978358209,819.6,64.654,63.49400000000001,3303.06,3315.5700000000006,3309.55,49.650000000000006,23.060606060606062,-14.648125,-15.393939393939394,83.53,328.40000000000003,49.913125,-54.8,1993.26,OFF,OFF,Night mode,OFF,54.8,35.0,OFF,OFF,Not pressed,Pressed,0.0,0.0
2024-06-26 17:04:48,39.74738499855432,30.474913161296985,819.7,64.66,63.5,3308.6,3319.71,3315.2300000000005,49.71,19.46969696969697,-16.05,-15.757575757575758,83.53,328.40000000000003,49.9175,-46.64,1684.8,OFF,OFF,Night mode,OFF,54.8,35.0,OFF,OFF,Not pressed,Pressed,0.0,0.0
2024-06-26 17:04:49,39.74733297469136,30.474905159465017,821.7,64.66,63.5,3296.28,3304.54,3301.84,49.53,17.352941176470587,4.4,4.588235294117647,83.63,328.40000000000003,49.414375,19.98,1505.42,OFF,OFF,Night mode,OFF,54.8,35.0,OFF,OFF,Not pressed,Pressed,0.0,0.0
2024-06-26 17:04:50,39.74728595338284,30.474897145214523,821.8,64.66,63.5,3299.99,3308.5700000000006,3305.8100000000004,49.59,15.87878787878788,-6.620625,-7.303030303030303,83.45,328.40000000000003,49.67,-13.68,1378.94,OFF,OFF,Night mode,OFF,54.8,35.0,OFF,OFF,Not pressed,Pressed,0.0,0.0
2024-06-26 17:04:51,39.74724024741201,30.474887694824016,822.1,64.66,63.5,3304.9800000000005,3314.32,3311.11,49.690000000000005,13.06060606060606,-11.81,-11.727272727272728,83.5,328.40000000000003,49.761875,-21.14,1135.27,OFF,OFF,Night mode,OFF,54.8,35.0,OFF,OFF,Not pressed,Pressed,0.0,0.0
2024-06-26 17:04:52,39.74720015928659,30.474886984624845,822.4,64.66,63.5,3303.03,3311.0,3308.63,49.6,10.470588235294118,-6.26,-6.176470588235294,83.5,328.40000000000003,49.655,-8.48,915.37,OFF,OFF,Night mode,OFF,54.8,35.0,OFF,OFF,Not pressed,Pressed,0.0,0.0
2024-06-26 17:04:53,39.747161639303485,30.474884887230512,821.8,64.66,63.5,3301.9700000000003,3309.9300000000003,3307.55,49.6,7.272727272727272,-3.51,-3.4242424242424243,83.48,328.40000000000003,49.625,-2.6,641.56,OFF,OFF,Night mode,OFF,54.8,35.0,OFF,OFF,Not pressed,Pressed,0.0,0.0
2024-06-26 17:04:54,39.74712857166461,30.47488271478728,823.5,64.66,63.5,3301.4200000000005,3309.36,3306.9800000000005,49.6,2.515151515151515,-1.21,-1.181818181818182,83.31,328.40000000000003,49.613125,0.42,229.96,OFF,OFF,Night mode,OFF,54.8,35.0,OFF,OFF,Not pressed,Pressed,0.0,0.0
2024-06-26 17:04:55,39.74710970279146,30.474879209359607,823.5,64.66,63.5,3301.44,3309.36,3307.0,49.6,0.0,-1.0,-1.0,83.38,328.40000000000003,49.61,1.0,-12.68,OFF,OFF,Night mode,OFF,54.8,35.0,OFF,OFF,Not pressed,Pressed,0.0,0.0
