Time_Stamp,latitude,longitude,altitude,cabin_temperature,outdoor_temperature,slope,estimated_charging_time,PACK_Q_SOC_INTERNAL,PACK_Q_SOC_TRIMMED,CELL_V_MIN_VAL,CELL_V_MAX_VAL,CELL_V_AVG,PACK_V_SUM_OF_CELLS,vehicle_speed,Torque_Measured,Torque_Request,MotorTemperature,Odometer,DC_Link_Voltage,DC_Link_Current,Speed_Measured,right_indicator,left_indicator_st,brightness_st,charging_status,Charge_Voltage,Charge_Current,charging_plug_feedback,park_brake_st,R_position_selected,D_position_selected,CELL_T_MIN_ID_CMU,CELL_T_MAX_ID_CMU
2024-12-17 13:11:52,39.747454,30.4748765,825.7,24.64,3.64,0,13 saat 2 dakika,51.0,49.44,3277.3,3283.6000000000004,3282.2000000000003,49.2,21.5,10.0,10.0,35,899.2,49.1875,54,1881,OFF,OFF,Night mode,OFF,54.8,35.0,OFF,ON,Not pressed,Pressed,0,0
2024-12-17 13:11:53,39.747454,30.4748765,825.8,24.56,3.64,0,13 saat 2 dakika,51.0,49.44,3277.5,3283.7000000000003,3282.3,49.2,21.5,10.0,10.0,35,899.2,49.1875,54,1881,OFF,OFF,Night mode,OFF,54.8,35.0,OFF,ON,Not pressed,Pressed,0,0
2024-12-17 13:11:54,39.7474545,30.474877166666666,825.9,24.56,3.64,0,12 saat 56 dakika,51.0,49.44,3277.5,3283.8,3282.4,49.2,21.5,10.0,10.0,34,899.2,49.1875,54,1881,OFF,OFF,Night mode,OFF,54.8,35.0,OFF,OFF,Not pressed,Pressed,0,0
2024-12-17 13:11:55,39.747455333333335,30.47487783333333,825.8,24.51,3.59,0,12 saat 56 dakika,51.0,49.44,3277.6000000000004,3284.0,3282.5,49.2,21.5,10.0,10.0,35,899.2,49.1875,54,1881,OFF,OFF,Night mode,OFF,54.8,35.0,OFF,OFF,Not pressed,Pressed,0,0
2024-12-17 13:11:56,39.74745566666667,30.474878166666667,825.9,24.51,3.59,0,13 saat 2 dakika,51.0,49.44,3277.9,3284.1000000000004,3282.7000000000003,49.2,21.5,10.0,10.0,34,899.2,49.1875,54,1881,OFF,OFF,Night mode,OFF,54.8,35.0,OFF,OFF,Not pressed,Pressed,0,0
2024-12-17 13:11:57,39.747456666666665,30.47487933333333,826.0,24.48,3.59,0,12 saat 56 dakika,51.0,49.44,3277.9,3284.2000000000003,3282.7000000000003,49.2,21.5,10.0,10.0,35,899.2,49.1875,54,1881,OFF,OFF,Night mode,OFF,54.8,35.0,OFF,OFF,Not pressed,Pressed,0,0
2024-12-17 13:11:58,39.74745716666666,30.474879833333333,826.0,24.48,3.59,0,13 saat 2 dakika,51.0,49.44,3278.0,3284.4,3282.9,49.2,21.5,10.0,10.0,35,899.2,49.1875,54,1881,OFF,OFF,Night mode,OFF,54.8,35.0,OFF,OFF,Not pressed,Pressed,0,0
2024-12-17 13:11:59,39.747457833333335,30.47488,826.0,24.5,3.59,0,13 saat 2 dakika,51.0,49.44,3278.2000000000003,3284.4,3283.0,49.2,21.5,10.0,10.0,35,899.2,49.1875,54,1881,OFF,OFF,Night mode,OFF,54.8,35.0,OFF,OFF,Not pressed,Pressed,0,0
2024-12-17 13:12:00,39.74745816666667,30.4748805,826.1,24.5,3.59,0,12 saat 56 dakika,51.0,49.44,3278.3,3284.6000000000004,3283.1000000000004,49.2,21.5,10.0,10.0,34,899.2,49.1875,54,1881,OFF,OFF,Night mode,OFF,54.8,35.0,OFF,OFF,Not pressed,Pressed,0,0
2024-12-17 13:12:01,39.74745833333333,30.474881166666663,826.3,24.57,3.59,0,13 saat 8 dakika,51.0,49.44,3278.3,3284.7000000000003,3283.2000000000003,49.2,21.5,10.0,10.0,35,899.2,49.1875,54,1881,OFF,OFF,Night mode,OFF,54.8,35.0,OFF,OFF,Not pressed,Pressed,0,0
2024-12-17 13:12:02,39.7474595,30.474882333333333,826.1,24.57,3.59,0,12 saat 54 dakika,51.0,49.44,3278.5,3284.8,3283.3,49.3,21.5,10.0,10.0,35,899.2,49.1875,54,1881,OFF,OFF,Night mode,OFF,54.8,35.0,OFF,OFF,Not pressed,Pressed,0,0
2024-12-17 13:12:03,39.74746016666667,30.474883166666668,826.1,24.65,3.59,0,13 saat 0 dakika,51.0,49.44,3278.5,3284.9,3283.4,49.3,21.5,10.0,10.0,35,899.2,49.1875,54,1881,OFF,OFF,Night mode,OFF,54.8,35.0,OFF,OFF,Not pressed,Pressed,0,0
2024-12-17 13:12:04,39.74746066666667,30.474883666666667,825.9,24.65,3.59,0,13 saat 7 dakika,51.0,49.44,3278.7000000000003,3285.0,3283.5,49.3,21.5,10.0,10.0,34,899.2,49.1875,54,1881,OFF,OFF,Night mode,OFF,54.8,35.0,OFF,OFF,Not pressed,Pressed,0,0
2024-12-17 13:12:05,39.7474615,30.474884166666666,825.8,25.1,3.59,0,12 saat 54 dakika,51.0,49.44,3278.7000000000003,3285.2000000000003,3283.6000000000004,49.3,21.5,10.0,10.0,35,899.2,49.25,54,1881,OFF,OFF,Night mode,OFF,54.8,35.0,OFF,OFF,Not pressed,Pressed,0,0
2024-12-17 13:12:06,39.74746183333333,30.4748845,825.6,25.1,3.59,0,12 saat 54 dakika,51.0,49.44,3278.8,3285.2000000000003,3283.7000000000003,49.3,21.5,10.0,10.0,34,899.2,49.1875,54,1881,OFF,OFF,Night mode,OFF,54.8,35.0,OFF,OFF,Not pressed,Pressed,0,0
2024-12-17 13:12:07,39.74746283333333,30.47488483333333,825.5,24.41,3.59,0,26 saat 57 dakika,50.99,49.42,3276.4,3282.7000000000003,3281.3,49.2,21.5,18.0,20.0,35,899.2,49.0625,24,52,OFF,OFF,Night mode,OFF,54.8,35.0,OFF,OFF,Not pressed,Pressed,0,0
2024-12-17 13:12:08,39.74746316666667,30.47488483333333,825.5,24.41,3.59,4,False,50.99,49.42,3252.8,3260.0,3257.8,48.900000000000006,3.5,33.0,33.0,35,899.2,48.625,60,344,OFF,OFF,Night mode,OFF,54.8,35.0,OFF,OFF,Not pressed,Pressed,0,0
2024-12-17 13:12:09,39.74746833333333,30.474885166666667,825.3,24.48,3.59,6,False,50.99,49.42,3234.4,3243.0,3240.2000000000003,48.6,7.5,33.0,33.0,34,899.2,48.375,85,669,OFF,OFF,Night mode,OFF,54.8,35.0,OFF,OFF,Not pressed,Pressed,0,0
2024-12-17 13:12:10,39.747481666666665,30.4748845,825.4,24.48,3.59,9,False,50.98,49.41,3216.9,3224.0,3221.1000000000004,48.3,11.5,33.0,33.0,35,899.2,47.875,113,1006,OFF,OFF,Night mode,OFF,54.8,35.0,OFF,OFF,Not pressed,Pressed,0,0
2024-12-17 13:12:11,39.747501666666665,30.47488,825.6,25.16,3.59,9,False,50.97,49.4,3199.5,3206.7000000000003,3203.3,48.1,15.0,33.0,33.0,35,899.2,47.75,142,1310,OFF,OFF,Night mode,OFF,54.8,35.0,OFF,OFF,Not pressed,Pressed,0,0
2024-12-17 13:12:12,39.747527833333336,30.474871333333333,825.5,25.16,3.59,9,False,50.96,49.39,3178.0,3189.3,3184.6000000000004,47.8,18.5,33.0,33.0,35,899.2,47.125,168,1626,OFF,OFF,Night mode,OFF,54.8,35.0,OFF,OFF,Not pressed,Pressed,0,0
2024-12-17 13:12:13,39.74756033333333,30.474862166666668,825.3,25.19,3.59,11,False,50.95,49.38,3150.0,3172.1000000000004,3168.0,47.5,22.5,31.0,31.0,35,899.2,47.0,185,1952,OFF,OFF,Night mode,OFF,54.8,35.0,OFF,OFF,Not pressed,Pressed,0,0
2024-12-17 13:12:14,39.747598833333335,30.474854666666666,824.8,25.19,3.59,9,False,50.93,49.36,3197.8,3210.7000000000003,3206.8,48.1,25.0,16.0,16.0,35,899.2,47.875,98,2175,OFF,OFF,Night mode,OFF,54.8,35.0,OFF,OFF,Not pressed,Pressed,0,0
2024-12-17 13:12:15,39.747650666666665,30.474849666666668,824.8,24.42,3.59,6,False,50.93,49.36,3203.7000000000003,3215.7000000000003,3212.1000000000004,48.2,27.0,13.0,13.0,35,899.2,47.9375,86,2319,OFF,OFF,Night mode,OFF,54.8,35.0,OFF,OFF,Not pressed,Pressed,0,0
2024-12-17 13:12:16,39.7476925,30.474849,825.2,24.42,3.59,2,2 saat 4 dakika,50.92,49.35,3292.4,3304.0,3298.2000000000003,49.5,27.0,-13.0,-12.0,35,899.2,49.6875,-65,2332,OFF,OFF,Night mode,OFF,54.8,35.0,OFF,OFF,Not pressed,Pressed,0,0
2024-12-17 13:12:17,39.74773866666666,30.474853666666668,825.0,24.43,3.59,2,False,50.92,49.35,3229.5,3237.2000000000003,3234.3,48.5,26.5,10.0,10.0,34,899.3000000000001,48.25,66,2318,OFF,OFF,Night mode,OFF,54.8,35.0,OFF,OFF,Not pressed,Pressed,0,0
2024-12-17 13:12:18,39.7477755,30.4748605,825.1,24.43,3.59,4,False,50.92,49.35,3222.6000000000004,3229.8,3227.1000000000004,48.400000000000006,28.5,11.0,12.0,35,899.3000000000001,48.1875,78,2460,OFF,OFF,Night mode,OFF,54.8,35.0,OFF,OFF,Not pressed,Pressed,0,0
2024-12-17 13:12:19,39.74782033333334,30.47486183333333,824.6,25.16,3.59,2,False,50.91,49.34,3200.9,3218.3,3214.1000000000004,48.2,30.0,13.0,13.0,35,899.3000000000001,47.9375,95,2598,OFF,OFF,Night mode,OFF,54.8,35.0,OFF,OFF,Not pressed,Pressed,0,0
2024-12-17 13:12:20,39.74786483333333,30.4748635,824.1,25.16,3.59,0,False,50.9,49.33,3203.2000000000003,3215.3,3211.9,48.2,32.0,10.0,9.0,34,899.3000000000001,48.0625,76,2763,OFF,OFF,Night mode,OFF,54.8,35.0,OFF,OFF,Not pressed,Pressed,0,0
2024-12-17 13:12:21,39.74792816666667,30.474862,822.6,24.59,3.59,-2,1 saat 57 dakika,50.9,49.33,3302.7000000000003,3312.3,3309.2000000000003,49.6,31.0,-12.0,-12.0,35,899.3000000000001,49.6875,-68,2673,OFF,OFF,Night mode,OFF,54.8,35.0,OFF,OFF,Not pressed,Pressed,0,0
2024-12-17 13:12:22,39.74799816666667,30.47486183333333,822.4,24.59,3.59,-4,1 saat 45 dakika,50.91,49.34,3311.4,3322.1000000000004,3317.2000000000003,49.8,29.5,-14.0,-14.0,35,899.3000000000001,49.8125,-72,2525,OFF,OFF,Night mode,OFF,54.8,35.0,OFF,OFF,Not pressed,Pressed,0,0
2024-12-17 13:12:23,39.748064,30.474866,823.1,24.67,3.59,-12,1 saat 55 dakika,50.92,49.35,3317.6000000000004,3329.8,3323.0,49.8,26.0,-15.0,-15.0,34,899.3000000000001,50.0625,-67,2253,OFF,OFF,Night mode,OFF,54.8,35.0,OFF,OFF,Not pressed,Pressed,0,0
2024-12-17 13:12:24,39.7481245,30.4748685,822.0,24.67,3.55,-16,2 saat 12 dakika,50.92,49.35,3313.7000000000003,3322.1000000000004,3319.1000000000004,49.8,22.0,-15.0,-15.0,34,899.3000000000001,49.9375,-56,1918,OFF,OFF,Night mode,OFF,54.8,35.0,OFF,OFF,Not pressed,Pressed,0,0
2024-12-17 13:12:25,39.748176666666666,30.47487,820.8,24.5,3.55,-14,2 saat 32 dakika,50.93,49.36,3307.3,3316.9,3312.9,49.7,18.0,-15.0,-15.0,35,899.3000000000001,49.875,-43,1569,OFF,OFF,Night mode,OFF,54.8,35.0,OFF,OFF,Not pressed,Pressed,0,0
2024-12-17 13:12:26,39.748218,30.474869166666668,820.3,24.5,3.55,-14,3 saat 39 dakika,50.93,49.36,3298.9,3308.4,3304.5,49.6,14.5,-12.0,-12.0,34,899.3000000000001,49.625,-28,1275,OFF,OFF,Night mode,OFF,54.8,35.0,OFF,OFF,Not pressed,Pressed,0,0
2024-12-17 13:12:27,39.74825533333333,30.474869166666668,820.4,24.56,3.55,-12,5 saat 24 dakika,50.93,49.36,3289.9,3298.5,3295.2000000000003,49.400000000000006,12.0,-8.0,-8.0,34,899.3000000000001,49.4375,-14,1056,OFF,OFF,Night mode,OFF,54.8,35.0,OFF,OFF,Not pressed,Pressed,0,0
2024-12-17 13:12:28,39.748280666666666,30.474868666666666,819.9,24.56,3.55,-10,7 saat 14 dakika,50.93,49.36,3285.0,3291.8,3289.9,49.3,10.5,-5.0,-5.0,34,899.3000000000001,49.3125,-8,935,OFF,OFF,Night mode,OFF,54.8,35.0,OFF,OFF,Not pressed,Pressed,0,0
2024-12-17 13:12:29,39.74830533333333,30.474868666666666,819.7,25.12,3.55,-8,8 saat 46 dakika,50.93,49.36,3282.5,3289.0,3287.3,49.3,8.5,-3.0,-3.0,34,899.3000000000001,49.25,-3,757,OFF,OFF,Night mode,OFF,54.8,35.0,OFF,OFF,Not pressed,Pressed,0,0
2024-12-17 13:12:30,39.74832366666666,30.474866833333333,819.2,25.12,3.55,-10,11 saat 3 dakika,50.93,49.36,3279.9,3286.0,3284.7000000000003,49.3,6.5,-2.0,-2.0,35,899.3000000000001,49.1875,-1,574,OFF,OFF,Night mode,OFF,54.8,35.0,OFF,OFF,Not pressed,Pressed,0,0
2024-12-17 13:12:31,39.74834066666666,30.474865333333334,818.8,24.43,3.55,-8,12 saat 30 dakika,50.93,49.36,3278.6000000000004,3284.9,3283.5,49.3,4.5,-1.0,-1.0,35,899.3000000000001,49.1875,54,390,OFF,OFF,Night mode,OFF,54.8,35.0,OFF,OFF,Not pressed,Pressed,0,0
2024-12-17 13:12:32,39.7483535,30.47486633333333,819.0,24.43,3.55,-8,12 saat 24 dakika,50.93,49.36,3278.5,3284.9,3283.4,49.3,3.5,10.0,10.0,34,899.3000000000001,49.25,54,332,OFF,OFF,Night mode,OFF,54.8,35.0,OFF,OFF,Not pressed,Pressed,0,0
2024-12-17 13:12:33,39.74836366666667,30.47487083333333,818.7,24.65,3.55,-6,12 saat 56 dakika,50.93,49.36,3278.1000000000004,3284.3,3282.9,49.2,4.0,1.0,1.0,34,899.3000000000001,49.1875,2,372,OFF,OFF,Night mode,OFF,54.8,35.0,OFF,OFF,Not pressed,Pressed,0,0
2024-12-17 13:12:34,39.74837316666667,30.474875333333333,818.6,24.65,3.55,-4,13 saat 28 dakika,50.93,49.36,3278.0,3284.3,3282.8,49.2,4.0,10.0,10.0,35,899.3000000000001,49.1875,54,352,OFF,OFF,Night mode,OFF,54.8,35.0,OFF,OFF,Not pressed,Pressed,0,0
2024-12-17 13:12:35,39.74838233333333,30.474879166666668,818.1,24.48,3.55,-4,12 saat 42 dakika,50.93,49.36,3278.5,3284.8,3283.3,49.3,3.5,10.0,10.0,34,899.3000000000001,49.1875,54,302,OFF,OFF,Night mode,OFF,54.8,35.0,OFF,OFF,Not pressed,Pressed,0,0
2024-12-17 13:12:36,39.74839266666667,30.474882,817.7,24.48,3.55,-4,12 saat 56 dakika,50.93,49.36,3278.3,3284.6000000000004,3283.1000000000004,49.2,2.5,10.0,1.0,34,899.3000000000001,49.1875,54,224,OFF,OFF,Night mode,OFF,54.8,35.0,OFF,OFF,Not pressed,Pressed,0,0
2024-12-17 13:12:37,39.74840016666667,30.474882333333333,817.3,24.65,3.55,0,67 saat 30 dakika,50.93,49.36,3269.5,3275.9,3274.4,49.1,4.0,2.0,1.0,35,899.3000000000001,49.1875,2,365,OFF,OFF,Night mode,OFF,54.8,35.0,OFF,OFF,Not pressed,Pressed,0,0
2024-12-17 13:12:38,39.74840566666666,30.47488133333333,817.2,24.65,3.55,-2,12 saat 50 dakika,50.93,49.36,3277.9,3284.3,3282.8,49.2,3.5,-1.0,-1.0,34,899.3000000000001,49.1875,54,331,OFF,OFF,Night mode,OFF,54.8,35.0,OFF,OFF,Not pressed,Pressed,0,0
2024-12-17 13:12:39,39.748414333333336,30.474878666666665,817.2,24.57,3.55,-2,13 saat 21 dakika,50.93,49.36,3278.1000000000004,3284.4,3282.9,49.2,3.5,10.0,10.0,34,899.3000000000001,49.1875,54,301,OFF,OFF,Night mode,OFF,54.8,35.0,OFF,OFF,Not pressed,Pressed,0,0
2024-12-17 13:12:40,39.7484285,30.474876,817.2,24.57,3.55,-2,24 saat 30 dakika,50.93,49.36,3276.3,3282.6000000000004,3281.1000000000004,49.2,3.5,9.0,10.0,35,899.3000000000001,49.0625,17,330,OFF,OFF,Night mode,OFF,54.8,35.0,OFF,OFF,Not pressed,Pressed,0,0
2024-12-17 13:12:41,39.748447166666665,30.474873166666665,817.7,24.59,3.55,4,False,50.93,49.36,3233.6000000000004,3240.8,3237.9,48.6,7.5,36.0,36.0,34,899.3000000000001,48.25,97,666,OFF,OFF,Night mode,OFF,54.8,35.0,OFF,OFF,Not pressed,Pressed,0,0
2024-12-17 13:12:42,39.7484685,30.4748675,817.8,24.59,3.55,6,False,50.92,49.35,3192.1000000000004,3212.4,3207.2000000000003,48.1,12.5,38.0,38.0,35,899.3000000000001,47.6875,147,1105,OFF,OFF,Night mode,OFF,54.8,35.0,OFF,OFF,Not pressed,Pressed,0,0
2024-12-17 13:12:43,39.748490833333335,30.474857333333333,817.9,24.65,3.55,9,False,50.91,49.34,3166.8,3182.4,3178.4,47.7,17.5,38.0,38.0,34,899.3000000000001,47.125,188,1521,OFF,OFF,Night mode,OFF,54.8,35.0,OFF,OFF,Not pressed,Pressed,0,0
2024-12-17 13:12:44,39.74852616666666,30.474854333333333,817.9,24.65,3.55,9,False,50.89,49.32,3138.6000000000004,3156.8,3151.7000000000003,47.3,22.0,36.0,36.0,34,899.3000000000001,46.6875,218,1941,OFF,OFF,Night mode,OFF,54.8,35.0,OFF,OFF,Not pressed,Pressed,0,0
2024-12-17 13:12:45,39.74857266666667,30.47485383333333,818.0,24.43,3.55,11,False,50.870000000000005,49.3,3132.2000000000003,3167.1000000000004,3156.0,47.3,26.5,28.0,28.0,35,899.4000000000001,46.9375,188,2299,OFF,OFF,Night mode,OFF,54.8,35.0,OFF,OFF,Not pressed,Pressed,0,0
2024-12-17 13:12:46,39.748630166666665,30.4748525,817.9,24.43,3.55,9,False,50.86,49.29,3185.4,3193.9,3190.0,47.900000000000006,29.0,16.0,15.0,35,899.4000000000001,47.4375,112,2537,OFF,OFF,Night mode,OFF,54.8,35.0,OFF,OFF,Not pressed,Pressed,0,0
2024-12-17 13:12:47,39.748696,30.474853,817.7,24.4,3.51,4,False,50.85,49.28,3218.2000000000003,3225.1000000000004,3223.4,48.400000000000006,30.5,7.0,6.0,34,899.4000000000001,48.3125,50,2646,OFF,OFF,Night mode,OFF,54.8,35.0,OFF,OFF,Not pressed,Pressed,0,0
2024-12-17 13:12:48,39.748768,30.47485483333333,817.7,24.4,3.51,0,9 saat 54 dakika,50.85,49.28,3260.3,3266.7000000000003,3265.1000000000004,49.0,31.0,-1.0,-1.0,34,899.4000000000001,49.0,-3,2660,OFF,OFF,Night mode,OFF,54.8,35.0,OFF,OFF,Not pressed,Pressed,0,0
2024-12-17 13:12:49,39.74884033333333,30.4748535,817.6,24.4,3.51,-4,False,50.85,49.28,3237.1000000000004,3244.7000000000003,3242.0,48.6,31.5,6.0,6.0,35,899.4000000000001,48.375,46,2702,OFF,OFF,Night mode,OFF,54.8,35.0,OFF,OFF,Not pressed,Pressed,0,0
2024-12-17 13:12:50,39.748908166666666,30.4748525,817.0,24.4,3.51,0,False,50.85,49.28,3240.5,3247.1000000000004,3245.0,48.7,32.0,5.0,5.0,35,899.4000000000001,48.5,39,2770,OFF,OFF,Night mode,OFF,54.8,35.0,OFF,OFF,Not pressed,Pressed,0,0
2024-12-17 13:12:51,39.748973166666666,30.47485233333333,816.3,24.68,3.51,-2,False,50.85,49.28,3249.9,3256.5,3254.7000000000003,48.8,32.5,3.0,3.0,34,899.4000000000001,48.6875,24,2818,OFF,OFF,Night mode,OFF,54.8,35.0,OFF,OFF,Not pressed,Pressed,0,0
2024-12-17 13:12:52,39.74904383333333,30.474852,816.0,24.68,3.51,-2,1 saat 52 dakika,50.85,49.28,3301.2000000000003,3311.5,3306.2000000000003,49.6,32.5,-11.0,-12.0,34,899.4000000000001,49.6875,-67,2793,OFF,OFF,Night mode,OFF,54.8,35.0,OFF,OFF,Not pressed,Pressed,0,0
2024-12-17 13:12:53,39.74911433333333,30.474855,815.0,24.6,3.51,-4,1 saat 58 dakika,50.85,49.28,3312.3,3322.9,3317.9,49.8,31.0,-12.0,-12.0,34,899.4000000000001,49.9375,-67,2662,OFF,OFF,Night mode,OFF,54.8,35.0,OFF,OFF,Not pressed,Pressed,0,0
2024-12-17 13:12:54,39.749183333333335,30.474856666666668,814.4,24.6,3.51,-6,9 saat 44 dakika,50.85,49.28,3277.6000000000004,3283.8,3282.3,49.2,30.0,10.0,10.0,35,899.4000000000001,49.1875,-2,2593,OFF,OFF,Night mode,OFF,54.8,35.0,OFF,OFF,Not pressed,Pressed,0,0
2024-12-17 13:12:55,39.749248,30.474857166666663,814.1,24.4,3.51,-4,14 saat 35 dakika,50.85,49.28,3271.7000000000003,3277.8,3276.4,49.1,30.5,10.0,10.0,35,899.4000000000001,49.0625,2,2631,OFF,OFF,Night mode,OFF,54.8,35.0,OFF,OFF,Not pressed,Pressed,0,0
2024-12-17 13:12:56,39.74931683333333,30.474857,813.8,24.4,3.51,-2,False,50.85,49.28,3264.2000000000003,3270.5,3268.9,49.0,31.0,2.0,2.0,35,899.4000000000001,49.0,15,2662,OFF,OFF,Night mode,OFF,54.8,35.0,OFF,OFF,Not pressed,Pressed,0,0
2024-12-17 13:12:57,39.749388333333336,30.47485383333333,814.0,24.56,3.51,-6,False,50.85,49.28,3256.2000000000003,3262.7000000000003,3260.4,48.900000000000006,31.5,4.0,4.0,34,899.4000000000001,48.8125,30,2731,OFF,OFF,Night mode,OFF,54.8,35.0,OFF,OFF,Not pressed,Pressed,0,0
2024-12-17 13:12:58,39.749461333333336,30.47485216666667,813.7,24.56,3.51,-4,False,50.85,49.28,3249.5,3256.0,3254.1000000000004,48.8,32.5,6.0,6.0,34,899.4000000000001,48.5625,47,2805,OFF,OFF,Night mode,OFF,54.8,35.0,OFF,OFF,Not pressed,Pressed,0,0
2024-12-17 13:12:59,39.749532,30.47485183333333,813.4,24.88,3.51,-4,False,50.85,49.28,3246.2000000000003,3253.1000000000004,3251.3,48.8,33.5,5.0,5.0,35,899.5,48.5625,41,2897,OFF,OFF,Night mode,OFF,54.8,35.0,OFF,OFF,Not pressed,Pressed,0,0
2024-12-17 13:13:00,39.74960766666667,30.474851666666662,813.2,24.88,3.51,-2,4 saat 22 dakika,50.84,49.27,3280.1000000000004,3288.7000000000003,3285.6000000000004,49.3,34.0,-8.0,-8.0,34,899.5,49.75,-53,2946,OFF,OFF,Night mode,OFF,54.8,35.0,OFF,OFF,Not pressed,Pressed,0,0
2024-12-17 13:13:01,39.74968166666667,30.4748515,813.0,24.48,3.51,-4,1 saat 54 dakika,50.85,49.28,3316.0,3328.7000000000003,3321.9,49.8,33.0,-11.0,-11.0,35,899.5,50.0,-66,2823,OFF,OFF,Night mode,OFF,54.8,35.0,OFF,OFF,Not pressed,Pressed,0,0
2024-12-17 13:13:02,39.74975516666667,30.474851166666667,812.4,24.48,3.51,-8,1 saat 56 dakika,50.85,49.28,3319.8,3327.8,3324.9,49.900000000000006,31.5,-12.0,-12.0,35,899.5,50.0,-68,2709,OFF,OFF,Night mode,OFF,54.8,35.0,OFF,OFF,Not pressed,Pressed,0,0
2024-12-17 13:13:03,39.74982833333333,30.474851333333334,812.0,24.5,3.51,-8,1 saat 51 dakika,50.86,49.29,3323.9,3332.4,3329.4,49.900000000000006,30.0,-13.0,-13.0,34,899.5,50.25,-70,2597,OFF,OFF,Night mode,OFF,54.8,35.0,OFF,OFF,Not pressed,Pressed,0,0
2024-12-17 13:13:04,39.749896166666666,30.474851333333334,811.8,24.5,3.51,-8,1 saat 41 dakika,50.870000000000005,49.3,3328.1000000000004,3353.6000000000004,3337.3,50.1,28.5,-15.0,-15.0,35,899.5,50.25,-73,2457,OFF,OFF,Night mode,OFF,54.8,35.0,OFF,OFF,Not pressed,Pressed,0,0
2024-12-17 13:13:05,39.7499665,30.474851333333334,812.4,23.99,3.51,-8,1 saat 54 dakika,50.870000000000005,49.3,3331.4,3341.1000000000004,3336.3,50.0,27.0,-15.0,-15.0,35,899.5,50.0625,-69,2312,OFF,OFF,Night mode,OFF,54.8,35.0,OFF,OFF,Not pressed,Pressed,0,0
2024-12-17 13:13:06,39.75002966666667,30.47485183333333,812.1,23.99,3.51,-8,1 saat 53 dakika,50.88,49.31,3328.3,3345.1000000000004,3334.6000000000004,50.0,25.5,-15.0,-15.0,34,899.5,50.0625,-64,2189,OFF,OFF,Night mode,OFF,54.8,35.0,OFF,OFF,Not pressed,Pressed,0,0
2024-12-17 13:13:07,39.75008866666667,30.47485083333333,812.0,24.43,3.51,-10,2 saat 4 dakika,50.88,49.31,3327.7000000000003,3339.6000000000004,3334.5,50.0,24.0,-15.0,-15.0,34,899.5,50.0,-61,2080,OFF,OFF,Night mode,OFF,54.8,35.0,OFF,OFF,Not pressed,Pressed,0,0
2024-12-17 13:13:08,39.75014383333333,30.47484933333333,811.9,24.43,3.45,-12,2 saat 33 dakika,50.89,49.32,3321.9,3332.2000000000003,3327.1000000000004,49.900000000000006,18.5,-15.0,-15.0,34,899.5,49.9375,-45,1612,OFF,OFF,Night mode,OFF,54.8,35.0,OFF,OFF,Not pressed,Pressed,0,0
2024-12-17 13:13:09,39.75019133333333,30.474849666666668,811.5,24.41,3.45,-12,4 saat 16 dakika,50.89,49.32,3306.8,3313.6000000000004,3311.7000000000003,49.7,13.0,-10.0,-10.0,34,899.5,49.625,-19,1143,OFF,OFF,Night mode,OFF,54.8,35.0,OFF,OFF,Not pressed,Pressed,0,0
2024-12-17 13:13:10,39.75022783333333,30.47485,811.6,24.41,3.45,-10,False,50.89,49.32,3279.5,3285.7000000000003,3283.9,49.3,13.5,16.0,18.0,35,899.5,48.6875,66,1184,OFF,OFF,Night mode,OFF,54.8,35.0,OFF,OFF,Not pressed,Pressed,0,0
2024-12-17 13:13:11,39.750253666666666,30.4748495,811.0,24.55,3.45,-8,False,50.89,49.32,3256.6000000000004,3263.2000000000003,3261.0,48.900000000000006,14.0,25.0,25.0,35,899.5,48.3125,103,1235,OFF,OFF,Night mode,OFF,54.8,35.0,OFF,OFF,Not pressed,Pressed,0,0
2024-12-17 13:13:12,39.75028483333333,30.474850166666663,810.4,24.55,3.45,-2,3 saat 9 dakika,50.88,49.31,3293.4,3302.0,3298.9,49.5,19.0,-14.0,-14.0,34,899.5,49.75,-46,1652,OFF,OFF,Night mode,OFF,54.8,35.0,OFF,OFF,Not pressed,Pressed,0,0
2024-12-17 13:13:13,39.750327166666665,30.4748505,810.3,23.5,3.45,-6,3 saat 14 dakika,50.88,49.31,3304.1000000000004,3313.5,3309.1000000000004,49.6,15.5,-12.0,-12.0,35,899.5,49.6875,-30,1364,OFF,OFF,Night mode,OFF,54.8,35.0,OFF,OFF,Not pressed,Pressed,0,0
2024-12-17 13:13:14,39.750364,30.474848166666668,810.5,23.5,3.45,-6,4 saat 43 dakika,50.88,49.31,3297.2000000000003,3304.8,3301.9,49.5,13.0,-9.0,-9.0,34,899.5,49.5,-17,1109,OFF,OFF,Night mode,OFF,54.8,35.0,OFF,OFF,Not pressed,Pressed,0,0
2024-12-17 13:13:15,39.75039516666666,30.474847333333333,810.8,24.51,3.45,0,8 saat 28 dakika,50.88,49.31,3289.4,3295.8,3294.2000000000003,49.400000000000006,10.5,-4.0,-4.0,34,899.5,49.4375,-6,936,OFF,OFF,Night mode,OFF,54.8,35.0,OFF,OFF,Not pressed,Pressed,0,0
2024-12-17 13:13:16,39.7504215,30.47484833333333,810.6,24.51,3.45,2,False,50.88,49.31,3218.0,3230.7000000000003,3227.1000000000004,48.400000000000006,13.0,33.0,33.0,34,899.5,47.75,131,1156,OFF,OFF,Night mode,OFF,54.8,35.0,OFF,OFF,Not pressed,Pressed,0,0
2024-12-17 13:13:17,39.75044916666667,30.474848666666663,811.0,24.5,3.45,6,False,50.870000000000005,49.3,3186.2000000000003,3203.2000000000003,3199.1000000000004,48.0,18.0,33.0,33.0,35,899.6,47.4375,162,1575,OFF,OFF,Night mode,OFF,54.8,35.0,OFF,OFF,Not pressed,Pressed,0,0
2024-12-17 13:13:18,39.75048666666667,30.474849666666668,811.1,24.5,3.45,7,False,50.86,49.29,3169.1000000000004,3177.4,3173.9,47.6,23.0,31.0,31.0,34,899.6,46.9375,186,1993,OFF,OFF,Night mode,OFF,54.8,35.0,OFF,OFF,Not pressed,Pressed,0,0
2024-12-17 13:13:19,39.750533833333336,30.47485,811.2,23.87,3.45,7,False,50.84,49.27,3178.0,3191.0,3185.2000000000003,47.8,27.0,16.0,15.0,35,899.6,47.8125,101,2321,OFF,OFF,Night mode,OFF,54.8,35.0,OFF,OFF,Not pressed,Pressed,0,0
2024-12-17 13:13:20,39.750590333333335,30.47484933333333,811.3,23.87,3.45,4,1 saat 52 dakika,50.84,49.27,3308.6000000000004,3329.9,3317.2000000000003,49.8,26.5,-15.0,-15.0,34,899.6,49.9375,-71,2294,OFF,OFF,Night mode,OFF,54.8,35.0,OFF,OFF,Not pressed,Pressed,0,0
2024-12-17 13:13:21,39.750650666666665,30.474849666666668,811.3,23.5,3.45,-2,1 saat 59 dakika,50.85,49.28,3313.8,3329.6000000000004,3321.6000000000004,49.8,25.5,-15.0,-15.0,34,899.6,50.0,-64,2189,OFF,OFF,Night mode,OFF,54.8,35.0,OFF,OFF,Not pressed,Pressed,0,0
2024-12-17 13:13:22,39.75070883333333,30.474851166666667,811.2,23.5,3.45,-4,1 saat 56 dakika,50.85,49.28,3315.2000000000003,3332.6000000000004,3322.0,49.8,25.0,-15.0,-15.0,35,899.6,50.0625,-64,2160,OFF,OFF,Night mode,OFF,54.8,35.0,OFF,OFF,Not pressed,Pressed,0,0
2024-12-17 13:13:23,39.75076383333333,30.474854,810.9,23.87,3.41,-8,2 saat 8 dakika,50.86,49.29,3320.8,3328.5,3325.7000000000003,49.900000000000006,23.5,-15.0,-15.0,35,899.6,49.875,-59,2033,OFF,OFF,Night mode,OFF,54.8,35.0,OFF,OFF,Not pressed,Pressed,0,0
2024-12-17 13:13:24,39.75081866666667,30.474857166666663,810.3,23.87,3.41,-12,2 saat 39 dakika,50.870000000000005,49.3,3314.7000000000003,3322.8,3320.0,49.8,18.0,-15.0,-15.0,35,899.6,49.8125,-41,1518,OFF,OFF,Night mode,OFF,54.8,35.0,OFF,OFF,Not pressed,Pressed,0,0
2024-12-17 13:13:25,39.75086433333333,30.474860166666662,810.1,24.64,3.41,-16,3 saat 51 dakika,50.870000000000005,49.3,3303.3,3310.7000000000003,3308.7000000000003,49.6,14.5,-11.0,-11.0,35,899.6,49.625,-24,1276,OFF,OFF,Night mode,OFF,54.8,35.0,OFF,OFF,Not pressed,Pressed,0,0
2024-12-17 13:13:26,39.750902,30.474863166666665,809.8,24.64,3.41,-10,19 saat 38 dakika,50.870000000000005,49.3,3285.7000000000003,3291.9,3290.5,49.400000000000006,15.0,13.25,14.0,35,899.6,48.875,48,1311,OFF,OFF,Night mode,OFF,54.8,35.0,OFF,OFF,Not pressed,Pressed,0,0
2024-12-17 13:13:27,39.750936333333335,30.474867,809.5,24.42,3.41,-2,False,50.86,49.29,3177.4,3197.2000000000003,3192.9,47.900000000000006,20.5,33.0,33.0,35,899.6,47.4375,180,1776,OFF,OFF,Night mode,OFF,54.8,35.0,OFF,OFF,Not pressed,Pressed,0,0
2024-12-17 13:13:28,39.75097733333333,30.474872,809.2,24.42,3.41,4,False,50.85,49.28,3179.7000000000003,3194.5,3190.6000000000004,47.900000000000006,25.0,18.0,16.0,35,899.6,47.8125,107,2170,OFF,OFF,Night mode,OFF,54.8,35.0,OFF,OFF,Not pressed,Pressed,0,0
2024-12-17 13:13:29,39.751029333333335,30.4748785,809.1,23.99,3.41,-2,1 saat 59 dakika,50.85,49.28,3313.0,3322.7000000000003,3318.6000000000004,49.8,23.0,-15.0,-15.0,35,899.6,49.9375,-62,2008,OFF,OFF,Night mode,OFF,54.8,35.0,OFF,OFF,Not pressed,Pressed,0,0
2024-12-17 13:13:30,39.75108333333333,30.474882166666667,809.0,23.99,3.41,-8,2 saat 26 dakika,50.85,49.28,3308.5,3318.5,3314.2000000000003,49.7,19.5,-15.0,-15.0,35,899.6,49.8125,-50,1717,OFF,OFF,Night mode,OFF,54.8,35.0,OFF,OFF,Not pressed,Pressed,0,0
2024-12-17 13:13:31,39.751131,30.474883,808.7,23.57,3.41,-8,False,50.85,49.28,3263.5,3270.1000000000004,3268.4,49.0,19.0,18.0,19.0,35,899.6,48.25,89,1616,OFF,OFF,Night mode,OFF,54.8,35.0,OFF,OFF,Not pressed,Pressed,0,0
2024-12-17 13:13:32,39.75117183333333,30.474883166666668,808.6,23.57,3.41,-2,False,50.84,49.27,3184.5,3204.2000000000003,3199.6000000000004,48.0,22.0,27.0,27.0,35,899.6,47.375,152,1895,OFF,OFF,Night mode,OFF,54.8,35.0,OFF,OFF,Not pressed,Pressed,0,0
2024-12-17 13:13:33,39.7512175,30.4748835,808.4,23.57,3.41,2,False,50.83,49.26,3220.6000000000004,3227.4,3224.7000000000003,48.400000000000006,25.0,4.0,4.0,35,899.6,48.625,33,2151,ON,OFF,Night mode,OFF,54.8,35.0,OFF,OFF,Not pressed,Pressed,0,0
2024-12-17 13:13:34,39.7512665,30.4748845,808.1,23.57,3.41,-2,2 saat 2 dakika,50.84,49.27,3309.4,3327.0,3316.7000000000003,49.8,23.0,-15.0,-15.0,35,899.6,49.875,-56,1995,ON,OFF,Night mode,OFF,54.8,35.0,OFF,OFF,Not pressed,Pressed,0,0
2024-12-17 13:13:35,39.751318833333336,30.4748915,807.8,23.5,3.41,-8,2 saat 27 dakika,50.84,49.27,3310.9,3323.7000000000003,3316.5,49.7,20.0,-15.0,-15.0,35,899.6,49.8125,-48,1741,ON,OFF,Night mode,OFF,54.8,35.0,OFF,OFF,Not pressed,Pressed,0,0
2024-12-17 13:13:36,39.75136583333333,30.4749035,807.5,23.5,3.41,-10,2 saat 44 dakika,50.84,49.27,3308.3,3318.7000000000003,3313.7000000000003,49.7,17.5,-14.0,-14.0,36,899.7,49.75,-39,1491,ON,OFF,Night mode,OFF,54.8,35.0,OFF,OFF,Not pressed,Pressed,0,0
2024-12-17 13:13:37,39.75140533333333,30.47491933333333,807.1,23.5,3.41,-12,3 saat 32 dakika,50.85,49.28,3303.8,3311.9,3308.7000000000003,49.6,15.5,-12.0,-12.0,35,899.7,49.625,-29,1348,ON,OFF,Night mode,OFF,54.8,35.0,OFF,OFF,Not pressed,Pressed,0,0
2024-12-17 13:13:38,39.7514395,30.474939,806.7,23.5,3.41,-10,41 saat 22 dakika,50.85,49.28,3281.1000000000004,3287.4,3285.9,49.3,15.0,8.0,8.0,36,899.7,49.0,28,1293,ON,OFF,Night mode,OFF,54.8,35.0,OFF,OFF,Not pressed,Pressed,0,0
2024-12-17 13:13:39,39.7514685,30.47496333333333,806.5,24.34,3.41,0,False,50.84,49.27,3230.5,3237.6000000000004,3235.2000000000003,48.5,16.0,23.0,23.0,36,899.7,48.0625,103,1414,ON,OFF,Night mode,OFF,54.8,35.0,OFF,OFF,Not pressed,Pressed,0,0
2024-12-17 13:13:40,39.75149133333333,30.4749945,806.7,24.34,3.41,2,False,50.84,49.27,3211.9,3223.7000000000003,3219.6000000000004,48.3,17.0,28.0,28.0,35,899.7,47.625,130,1495,ON,OFF,Night mode,OFF,54.8,35.0,OFF,OFF,Not pressed,Pressed,0,0
2024-12-17 13:13:41,39.751509,30.4750365,806.8,24.04,3.41,4,False,50.83,49.26,3167.9,3187.0,3181.8,47.7,20.0,33.0,33.0,36,899.7,47.0625,177,1743,OFF,OFF,Night mode,OFF,54.8,35.0,OFF,OFF,Not pressed,Pressed,0,0
2024-12-17 13:13:42,39.751520166666666,30.475088666666668,806.7,24.04,3.37,7,False,50.81,49.24,3141.5,3161.5,3157.0,47.400000000000006,23.5,34.0,34.0,36,899.7,46.375,218,2047,OFF,OFF,Night mode,OFF,54.8,35.0,OFF,OFF,Not pressed,Pressed,0,0
2024-12-17 13:13:43,39.751524833333335,30.475150666666668,806.6,24.0,3.37,7,False,50.79,49.22,3130.2000000000003,3151.3,3146.8,47.2,27.0,30.0,30.0,36,899.7,46.8125,204,2338,OFF,OFF,Night mode,OFF,54.8,35.0,OFF,OFF,Not pressed,Pressed,0,0
2024-12-17 13:13:44,39.75152816666667,30.47522333333333,806.6,24.0,3.37,7,False,50.78,49.21,3145.7000000000003,3161.2000000000003,3157.0,47.400000000000006,29.0,27.0,27.0,36,899.7,46.5,195,2524,OFF,OFF,Night mode,OFF,54.8,35.0,OFF,OFF,Not pressed,Pressed,0,0
2024-12-17 13:13:45,39.751532,30.47530283333333,806.6,24.04,3.37,7,False,50.76,49.19,3128.9,3148.8,3144.5,47.2,31.5,25.0,25.0,36,899.7,46.5625,197,2713,OFF,OFF,Night mode,OFF,54.8,35.0,OFF,OFF,Not pressed,Pressed,0,0
2024-12-17 13:13:46,39.75153766666666,30.4753895,806.7,24.04,3.37,6,False,50.75,49.18,3142.8,3158.1000000000004,3152.7000000000003,47.3,33.5,23.0,23.0,36,899.7,46.6875,191,2905,OFF,OFF,Night mode,OFF,54.8,35.0,OFF,OFF,Not pressed,Pressed,0,0
2024-12-17 13:13:47,39.751543,30.47548233333333,806.7,23.48,3.37,6,False,50.73,49.16,3131.0,3162.2000000000003,3155.8,47.3,35.0,16.0,16.0,36,899.7,47.125,148,3044,OFF,OFF,Night mode,OFF,54.8,35.0,OFF,OFF,Not pressed,Pressed,0,0
2024-12-17 13:13:48,39.75154966666667,30.47558,806.8,23.48,3.37,2,2 saat 2 dakika,50.73,49.16,3289.1000000000004,3297.9,3294.8,49.400000000000006,34.5,-10.0,-10.0,36,899.7,49.5,-64,2947,OFF,OFF,Night mode,OFF,54.8,35.0,OFF,OFF,Not pressed,Pressed,0,0
2024-12-17 13:13:49,39.75155616666667,30.47567833333333,806.8,23.51,3.37,-2,3 saat 38 dakika,50.73,49.16,3280.2000000000003,3287.0,3284.9,49.3,32.0,-3.0,-2.0,36,899.7,49.0625,-15,2749,OFF,OFF,Night mode,OFF,54.8,35.0,OFF,OFF,Not pressed,Pressed,0,0
2024-12-17 13:13:50,39.7515625,30.47577133333333,806.8,23.51,3.37,-2,False,50.73,49.16,3244.9,3251.5,3249.6000000000004,48.7,31.5,5.0,5.0,36,899.7,48.5,38,2709,OFF,OFF,Night mode,OFF,54.8,35.0,OFF,OFF,Not pressed,Pressed,0,0
2024-12-17 13:13:51,39.75156866666666,30.4758605,806.9,23.49,3.37,0,False,50.73,49.16,3220.8,3229.8,3227.3,48.400000000000006,31.5,10.0,10.0,36,899.7,48.0,77,2714,OFF,OFF,Night mode,OFF,54.8,35.0,OFF,OFF,Not pressed,Pressed,0,0
2024-12-17 13:13:52,39.751574833333336,30.475949,807.0,23.49,3.37,2,False,50.72,49.15,3207.0,3214.6000000000004,3211.3,48.2,32.0,12.0,12.0,36,899.8000000000001,47.8125,92,2759,OFF,OFF,Night mode,OFF,54.8,35.0,OFF,OFF,Not pressed,Pressed,0,0
2024-12-17 13:13:53,39.7515825,30.476038166666665,807.0,23.5,3.37,2,False,50.71,49.14,3205.9,3213.0,3209.6000000000004,48.1,32.5,12.0,12.0,36,899.8000000000001,47.875,94,2799,OFF,OFF,Night mode,OFF,54.8,35.0,OFF,OFF,Not pressed,Pressed,0,0
2024-12-17 13:13:54,39.75159016666667,30.476129,807.1,23.5,3.37,2,False,50.71,49.14,3201.1000000000004,3211.4,3206.3,48.1,33.0,12.0,12.0,36,899.8000000000001,47.6875,95,2853,OFF,OFF,Night mode,OFF,54.8,35.0,OFF,OFF,Not pressed,Pressed,0,0
2024-12-17 13:13:55,39.75159883333333,30.476221,807.0,24.02,3.32,2,False,50.7,49.13,3201.7000000000003,3214.6000000000004,3211.3,48.2,33.5,11.0,11.0,36,899.8000000000001,47.875,89,2881,OFF,OFF,Night mode,OFF,54.8,35.0,OFF,OFF,Not pressed,Pressed,0,0
2024-12-17 13:13:56,39.7516085,30.476314,807.1,24.02,3.32,2,False,50.69,49.120000000000005,3203.8,3213.3,3209.9,48.1,33.5,11.0,11.0,36,899.8000000000001,47.75,89,2912,OFF,OFF,Night mode,OFF,54.8,35.0,OFF,OFF,Not pressed,Pressed,0,0
2024-12-17 13:13:57,39.7516205,30.476408166666666,806.9,23.56,3.32,2,False,50.68,49.11,3199.4,3212.7000000000003,3208.2000000000003,48.1,34.0,11.0,11.0,36,899.8000000000001,47.875,90,2946,OFF,OFF,Night mode,OFF,54.8,35.0,OFF,OFF,Not pressed,Pressed,0,0
2024-12-17 13:13:58,39.751634,30.47650283333333,807.0,23.56,3.32,4,False,50.68,49.11,3207.1000000000004,3215.1000000000004,3211.6000000000004,48.2,35.0,10.0,10.0,36,899.8000000000001,48.0,82,3018,OFF,OFF,Night mode,OFF,54.8,35.0,OFF,OFF,Not pressed,Pressed,0,0
2024-12-17 13:13:59,39.75165033333333,30.476598666666668,806.9,23.97,3.32,2,False,50.67,49.1,3219.1000000000004,3226.9,3224.5,48.400000000000006,35.0,7.0,7.0,36,899.8000000000001,48.0625,58,3035,OFF,OFF,Night mode,OFF,54.8,35.0,OFF,OFF,Not pressed,Pressed,0,0
2024-12-17 13:14:00,39.75166733333333,30.476696,806.9,23.97,3.32,2,False,50.67,49.1,3227.3,3233.8,3231.7000000000003,48.5,35.0,6.0,6.0,36,899.8000000000001,48.1875,50,3017,OFF,OFF,Night mode,OFF,54.8,35.0,OFF,OFF,Not pressed,Pressed,0,0
2024-12-17 13:14:01,39.7516835,30.476793,806.8,24.0,3.32,0,False,50.66,49.08,3228.2000000000003,3235.4,3232.8,48.5,35.0,6.0,6.0,36,899.8000000000001,48.3125,50,3014,OFF,OFF,Night mode,OFF,54.8,35.0,OFF,OFF,Not pressed,Pressed,0,0
2024-12-17 13:14:02,39.751700166666666,30.47689,806.7,24.0,3.32,0,False,50.66,49.08,3226.3,3236.1000000000004,3232.8,48.5,35.0,6.0,6.0,36,899.8000000000001,48.25,50,3015,OFF,OFF,Night mode,OFF,54.8,35.0,OFF,OFF,Not pressed,Pressed,0,0
2024-12-17 13:14:03,39.75171766666666,30.476986333333333,806.6,23.41,3.32,2,False,50.65,49.07,3229.2000000000003,3237.0,3234.0,48.5,35.0,6.0,6.0,36,899.8000000000001,48.3125,50,3005,OFF,OFF,Night mode,OFF,54.8,35.0,OFF,OFF,Not pressed,Pressed,0,0
2024-12-17 13:14:04,39.751735,30.47708283333333,806.5,23.41,3.32,2,False,50.65,49.07,3226.7000000000003,3237.1000000000004,3233.4,48.5,35.0,6.0,6.0,36,899.9000000000001,48.25,50,3011,OFF,OFF,Night mode,OFF,54.8,35.0,OFF,OFF,Not pressed,Pressed,0,0
2024-12-17 13:14:05,39.75175266666667,30.477178833333333,806.5,23.97,3.32,2,False,50.65,49.07,3229.2000000000003,3236.7000000000003,3234.4,48.5,34.5,6.0,6.0,36,899.9000000000001,48.3125,50,2991,OFF,OFF,Night mode,OFF,54.8,35.0,OFF,OFF,Not pressed,Pressed,0,0
2024-12-17 13:14:06,39.75176966666667,30.47727533333333,806.5,23.97,3.32,0,False,50.64,49.06,3229.4,3236.2000000000003,3233.6000000000004,48.5,35.0,6.0,6.0,36,899.9000000000001,48.25,50,3034,OFF,OFF,Night mode,OFF,54.8,35.0,OFF,OFF,Not pressed,Pressed,0,0
2024-12-17 13:14:07,39.75178683333333,30.47737233333333,806.3,23.97,3.28,0,False,50.64,49.06,3229.4,3236.6000000000004,3234.0,48.5,35.0,6.0,6.0,36,899.9000000000001,48.25,50,3008,OFF,OFF,Night mode,OFF,54.8,35.0,OFF,OFF,Not pressed,Pressed,0,0
2024-12-17 13:14:08,39.75180116666667,30.4774695,806.5,23.97,3.28,0,False,50.63,49.05,3231.0,3237.6000000000004,3235.1000000000004,48.5,35.0,6.0,6.0,36,899.9000000000001,48.25,50,3027,OFF,OFF,Night mode,OFF,54.8,35.0,OFF,OFF,Not pressed,Pressed,0,0
2024-12-17 13:14:09,39.751814333333336,30.47756633333333,806.6,23.82,3.28,2,False,50.63,49.05,3229.4,3236.0,3233.7000000000003,48.5,35.0,6.0,6.0,36,899.9000000000001,48.25,50,3031,OFF,OFF,Night mode,OFF,54.8,35.0,OFF,OFF,Not pressed,Pressed,0,0
2024-12-17 13:14:10,39.751828333333336,30.4776645,806.5,23.82,3.28,2,False,50.63,49.05,3230.0,3236.4,3234.0,48.5,35.0,6.0,6.0,36,899.9000000000001,48.25,50,3033,OFF,OFF,Night mode,OFF,54.8,35.0,OFF,OFF,Not pressed,Pressed,0,0
2024-12-17 13:14:11,39.75183866666666,30.477762833333333,806.4,23.4,3.28,0,False,50.620000000000005,49.04,3230.3,3237.7000000000003,3234.8,48.5,35.5,6.0,6.0,36,899.9000000000001,48.25,51,3056,OFF,OFF,Night mode,OFF,54.8,35.0,OFF,OFF,Not pressed,Pressed,0,0
2024-12-17 13:14:12,39.751848,30.477861666666666,806.3,23.4,3.28,0,False,50.620000000000005,49.04,3227.0,3236.8,3233.7000000000003,48.5,35.5,5.0,5.0,36,899.9000000000001,48.375,42,3043,OFF,OFF,Night mode,OFF,54.8,35.0,OFF,OFF,Not pressed,Pressed,0,0
2024-12-17 13:14:13,39.7518595,30.477961166666667,806.2,23.97,3.28,-2,False,50.61,49.03,3238.4,3245.7000000000003,3243.6000000000004,48.7,35.5,4.0,4.0,36,899.9000000000001,48.5625,34,3050,OFF,OFF,Night mode,OFF,54.8,35.0,OFF,OFF,Not pressed,Pressed,0,0
2024-12-17 13:14:14,39.751873333333336,30.47806,806.1,23.97,3.28,-2,False,50.61,49.03,3240.3,3246.8,3245.0,48.7,35.0,4.0,4.0,36,899.9000000000001,48.5625,33,3022,OFF,OFF,Night mode,OFF,54.8,35.0,OFF,OFF,Not pressed,Pressed,0,0
2024-12-17 13:14:15,39.751888666666666,30.478157666666668,806.1,23.51,3.28,-2,False,50.61,49.03,3241.2000000000003,3247.9,3246.0,48.7,34.5,4.0,4.0,36,899.9000000000001,48.5,32,2990,OFF,OFF,Night mode,OFF,54.8,35.0,OFF,OFF,Not pressed,Pressed,0,0
2024-12-17 13:14:16,39.75190533333333,30.47825433333333,805.9,23.51,3.24,-4,False,50.61,49.03,3241.5,3248.1000000000004,3246.2000000000003,48.7,35.0,4.0,4.0,36,900.0,48.5,32,2997,OFF,OFF,Night mode,OFF,54.8,35.0,OFF,OFF,Not pressed,Pressed,0,0
2024-12-17 13:14:17,39.75192166666667,30.478350166666665,806.0,23.42,3.24,-2,False,50.6,49.02,3242.6000000000004,3248.9,3246.5,48.7,34.0,4.0,4.0,36,900.0,48.5625,32,2949,OFF,OFF,Night mode,OFF,54.8,35.0,OFF,OFF,Not pressed,Pressed,0,0
2024-12-17 13:14:18,39.751939166666666,30.47844483333333,805.9,23.42,3.24,-2,False,50.6,49.02,3242.1000000000004,3248.5,3246.7000000000003,48.7,34.0,4.0,4.0,36,900.0,48.5,32,2925,OFF,OFF,Night mode,OFF,54.8,35.0,OFF,OFF,Not pressed,Pressed,0,0
2024-12-17 13:14:19,39.75195566666667,30.478538666666665,806.0,23.41,3.24,-2,False,50.6,49.02,3237.9,3244.5,3242.4,48.6,33.5,5.0,5.0,36,900.0,48.375,48,2893,OFF,OFF,Night mode,OFF,54.8,35.0,OFF,OFF,Not pressed,Pressed,0,0
2024-12-17 13:14:20,39.75197166666667,30.478631333333333,805.8,23.41,3.24,-2,False,50.59,49.01,3233.3,3240.2000000000003,3237.7000000000003,48.6,33.5,6.0,6.0,36,900.0,48.3125,48,2896,OFF,OFF,Night mode,OFF,54.8,35.0,OFF,OFF,Not pressed,Pressed,0,0
2024-12-17 13:14:21,39.751987,30.478723666666667,805.7,23.43,3.24,0,False,50.59,49.01,3243.9,3251.2000000000003,3249.3,48.7,33.0,-2.0,-2.0,36,900.0,49.0,-5,2843,OFF,OFF,Night mode,OFF,54.8,35.0,OFF,OFF,Not pressed,Pressed,0,0
2024-12-17 13:14:22,39.75200183333333,30.478816,805.8,23.43,3.24,-2,2 saat 2 dakika,50.59,49.01,3303.7000000000003,3316.9,3309.2000000000003,49.6,31.5,-9.0,-9.0,36,900.0,49.625,-50,2705,OFF,OFF,Night mode,OFF,54.8,35.0,OFF,OFF,Not pressed,Pressed,0,0
2024-12-17 13:14:23,39.752016833333336,30.478904666666665,805.7,23.56,3.24,-4,3 saat 44 dakika,50.6,49.02,3283.6000000000004,3292.6000000000004,3288.9,49.3,30.0,-4.0,-4.0,36,900.0,49.25,-21,2564,OFF,OFF,Night mode,OFF,54.8,35.0,OFF,OFF,Not pressed,Pressed,0,0
2024-12-17 13:14:24,39.752032,30.47898883333333,805.5,23.56,3.24,-2,False,50.6,49.02,3256.8,3263.1000000000004,3261.3,48.900000000000006,29.0,4.0,4.0,36,900.0,48.6875,27,2501,OFF,OFF,Night mode,OFF,54.8,35.0,OFF,OFF,Not pressed,Pressed,0,0
2024-12-17 13:14:25,39.752046166666666,30.47907,805.4,23.42,3.24,-2,False,50.6,49.02,3251.0,3257.4,3255.7000000000003,48.8,29.0,3.0,2.0,36,900.0,48.8125,21,2493,OFF,OFF,Night mode,OFF,54.8,35.0,OFF,OFF,Not pressed,Pressed,0,0
2024-12-17 13:14:26,39.752059,30.479150333333333,805.4,23.42,3.24,-6,1 saat 48 dakika,50.6,49.02,3312.1000000000004,3320.3,3317.4,49.8,26.5,-15.0,-15.0,36,900.0,50.0625,-71,2277,OFF,OFF,Night mode,OFF,54.8,35.0,OFF,OFF,Not pressed,Pressed,0,0
2024-12-17 13:14:27,39.75207133333333,30.479226333333333,805.3,23.56,3.24,-10,2 saat 20 dakika,50.6,49.02,3305.4,3322.8,3312.5,49.7,21.5,-15.0,-15.0,36,900.0,49.9375,-53,1839,OFF,OFF,Night mode,OFF,54.8,35.0,OFF,OFF,Not pressed,Pressed,0,0
2024-12-17 13:14:28,39.7520825,30.47929166666667,805.3,23.56,3.2,-10,2 saat 55 dakika,50.61,49.03,3300.3,3308.6000000000004,3305.2000000000003,49.6,16.0,-14.0,-13.0,36,900.0,49.75,-35,1389,OFF,OFF,Night mode,OFF,54.8,35.0,OFF,OFF,Not pressed,Pressed,0,0
2024-12-17 13:14:29,39.75209066666667,30.479341166666668,805.4,23.04,3.2,-8,False,50.61,49.03,3237.8,3244.6000000000004,3242.4,48.6,16.5,23.0,23.0,36,900.0,48.0625,107,1429,OFF,OFF,Night mode,OFF,54.8,35.0,OFF,OFF,Not pressed,Pressed,0,0
2024-12-17 13:14:30,39.75209766666666,30.479384166666662,805.4,23.04,3.2,0,False,50.6,49.02,3181.6000000000004,3206.0,3201.6000000000004,48.0,19.0,28.0,28.0,35,900.0,47.6875,141,1638,OFF,OFF,Night mode,OFF,54.8,35.0,OFF,OFF,Not pressed,Pressed,0,0
2024-12-17 13:14:31,39.7521045,30.479429666666668,805.2,23.62,3.2,4,False,50.59,49.01,3181.2000000000003,3192.7000000000003,3188.5,47.8,21.5,27.0,27.0,35,900.1,47.1875,150,1868,OFF,OFF,Night mode,OFF,54.8,35.0,OFF,OFF,Not pressed,Pressed,0,0
2024-12-17 13:14:32,39.752115,30.479484166666666,805.3,23.62,3.2,4,False,50.58,49.0,3180.4,3193.7000000000003,3187.5,47.8,24.0,23.0,23.0,35,900.1,47.4375,138,2073,OFF,OFF,Night mode,OFF,54.8,35.0,OFF,OFF,Not pressed,Pressed,0,0
2024-12-17 13:14:33,39.75212966666667,30.47954783333333,805.3,23.5,3.2,6,False,50.56,48.98,3182.9,3194.7000000000003,3190.2000000000003,47.900000000000006,26.0,20.0,20.0,36,900.1,47.4375,137,2257,OFF,OFF,Night mode,OFF,54.8,35.0,OFF,OFF,Not pressed,Pressed,0,0
2024-12-17 13:14:34,39.75214433333333,30.4796165,805.2,23.5,3.2,2,9 saat 42 dakika,50.56,48.98,3251.8,3258.3,3256.5,48.8,26.5,-5.0,-5.0,36,900.1,49.0,-17,2288,ON,OFF,Night mode,OFF,54.8,35.0,OFF,OFF,Not pressed,Pressed,0,0
2024-12-17 13:14:35,39.7521605,30.479689166666667,805.2,23.51,3.2,-2,10 saat 7 dakika,50.56,48.98,3266.3,3273.8,3271.6000000000004,49.1,26.0,3.0,3.0,36,900.1,48.75,21,2224,ON,OFF,Night mode,OFF,54.8,35.0,OFF,OFF,Not pressed,Pressed,0,0
2024-12-17 13:14:36,39.7521775,30.479759833333333,805.1,23.51,3.2,0,False,50.56,48.98,3234.1000000000004,3240.9,3239.1000000000004,48.6,25.5,8.0,8.0,36,900.1,48.375,49,2210,ON,OFF,Night mode,OFF,54.8,35.0,OFF,OFF,Not pressed,Pressed,0,0
2024-12-17 13:14:37,39.752194,30.479829166666665,805.1,23.58,3.2,0,False,50.55,48.97,3233.9,3240.4,3238.1000000000004,48.6,26.0,8.0,8.0,36,900.1,48.375,51,2234,ON,OFF,Night mode,OFF,54.8,35.0,OFF,OFF,Not pressed,Pressed,0,0
2024-12-17 13:14:38,39.7522115,30.47989933333333,805.0,23.58,3.2,0,False,50.55,48.97,3233.1000000000004,3239.9,3237.4,48.6,26.0,8.0,8.0,36,900.1,48.375,51,2262,ON,OFF,Night mode,OFF,54.8,35.0,OFF,OFF,Not pressed,Pressed,0,0
2024-12-17 13:14:39,39.75222733333333,30.47996983333333,805.0,23.06,3.2,0,4 saat 8 dakika,50.55,48.97,3272.3,3283.2000000000003,3277.9,49.2,25.5,-13.0,-13.0,36,900.1,49.5625,-58,2232,ON,OFF,Night mode,OFF,54.8,35.0,OFF,OFF,Not pressed,Pressed,0,0
2024-12-17 13:14:40,39.752243,30.480041166666663,805.0,23.06,3.2,-4,2 saat 8 dakika,50.55,48.97,3299.2000000000003,3310.4,3306.5,49.6,22.0,-15.0,-15.0,36,900.1,49.6875,-56,1911,ON,OFF,Night mode,OFF,54.8,35.0,OFF,OFF,Not pressed,Pressed,0,0
2024-12-17 13:14:41,39.752256333333335,30.48010633333333,805.1,23.56,3.2,-6,2 saat 31 dakika,50.55,48.97,3299.4,3308.9,3304.4,49.6,19.0,-15.0,-15.0,36,900.1,49.625,-46,1635,ON,OFF,Night mode,OFF,54.8,35.0,OFF,OFF,Not pressed,Pressed,0,0
2024-12-17 13:14:42,39.7522675,30.4801615,805.2,23.56,3.2,-6,3 saat 26 dakika,50.56,48.98,3295.0,3303.6000000000004,3300.0,49.5,16.5,-9.0,-9.0,36,900.1,49.4375,-26,1434,ON,OFF,Night mode,OFF,54.8,35.0,OFF,OFF,Not pressed,Pressed,0,0
2024-12-17 13:14:43,39.7522765,30.48021,805.2,23.7,3.15,-6,4 saat 55 dakika,50.56,48.98,3283.2000000000003,3290.7000000000003,3288.0,49.3,15.0,-10.0,-10.0,36,900.1,49.4375,-24,1313,ON,OFF,Night mode,OFF,54.8,35.0,OFF,OFF,Not pressed,Pressed,0,0
2024-12-17 13:14:44,39.75228233333333,30.4802545,805.3,23.7,3.15,-8,4 saat 48 dakika,50.56,48.98,3286.7000000000003,3293.4,3291.4,49.400000000000006,13.0,-9.0,-9.0,36,900.1,49.375,-17,1105,ON,OFF,Night mode,OFF,54.8,35.0,OFF,OFF,Not pressed,Pressed,0,0
2024-12-17 13:14:45,39.752284,30.480294,805.3,22.82,3.15,-12,9 saat 48 dakika,50.56,48.98,3276.5,3282.9,3281.4,49.2,6.5,-3.0,-3.0,36,900.1,49.1875,-2,539,ON,OFF,Night mode,OFF,54.8,35.0,OFF,OFF,Not pressed,Pressed,0,0
2024-12-17 13:14:46,39.75228166666667,30.48032033333333,805.2,22.82,3.15,-14,13 saat 2 dakika,50.56,48.98,3273.3,3279.4,3278.0,49.2,1.0,10.0,10.0,36,900.1,49.125,1,119,ON,OFF,Night mode,OFF,54.8,35.0,OFF,OFF,Not pressed,Pressed,0,0
2024-12-17 13:14:47,39.75228,30.480331166666662,805.3,23.41,3.15,-10,13 saat 2 dakika,50.56,48.98,3273.0,3279.3,3277.8,49.2,21.5,10.0,10.0,36,900.1,49.125,54,2,ON,OFF,Night mode,OFF,54.8,35.0,OFF,OFF,Not pressed,Pressed,0,0
2024-12-17 13:14:48,39.75227966666667,30.480332666666666,805.3,23.41,3.15,-6,12 saat 56 dakika,50.56,48.98,3273.2000000000003,3279.3,3277.9,49.2,21.5,10.0,10.0,36,900.1,49.125,54,1881,ON,OFF,Night mode,OFF,54.8,35.0,OFF,OFF,Not pressed,Pressed,0,0
2024-12-17 13:14:49,39.752279,30.4803325,805.5,22.99,3.15,-4,13 saat 8 dakika,50.56,48.98,3273.3,3279.5,3278.1000000000004,49.2,21.5,10.0,10.0,36,900.1,49.125,54,1881,ON,OFF,Night mode,OFF,54.8,35.0,OFF,OFF,Not pressed,Pressed,0,0
2024-12-17 13:14:50,39.75227916666667,30.480333,805.5,22.99,3.15,-4,13 saat 2 dakika,50.56,48.98,3273.5,3279.8,3278.3,49.2,21.5,10.0,10.0,36,900.1,49.125,54,-2,ON,OFF,Night mode,OFF,54.8,35.0,OFF,OFF,Not pressed,Pressed,0,0
2024-12-17 13:14:51,39.75227966666667,30.480333833333333,805.4,23.34,3.15,0,False,50.56,48.98,3264.6000000000004,3271.0,3269.5,49.0,0.5,24.0,24.0,36,900.1,48.9375,26,84,ON,OFF,Night mode,OFF,54.8,35.0,OFF,OFF,Not pressed,Pressed,0,0
2024-12-17 13:14:52,39.7522795,30.480335,805.2,23.34,3.15,0,13 saat 21 dakika,50.56,48.98,3272.4,3278.7000000000003,3277.2000000000003,49.2,2.0,10.0,10.0,36,900.1,49.125,54,200,ON,OFF,Night mode,OFF,54.8,35.0,OFF,OFF,Not pressed,Pressed,0,0
2024-12-17 13:14:53,39.75227666666667,30.480339333333333,805.4,23.41,3.15,0,13 saat 21 dakika,50.56,48.98,3273.6000000000004,3279.8,3278.2000000000003,49.2,1.5,10.0,10.0,36,900.1,49.125,54,158,ON,OFF,Night mode,OFF,54.8,35.0,OFF,OFF,Not pressed,Pressed,0,0
2024-12-17 13:14:54,39.75227233333333,30.480344166666665,805.5,23.41,3.15,0,38 saat 34 dakika,50.56,48.98,3269.4,3275.7000000000003,3274.0,49.1,1.0,17.0,17.0,36,900.1,49.0,21,126,OFF,OFF,Night mode,OFF,54.8,35.0,OFF,OFF,Not pressed,Pressed,0,0
2024-12-17 13:14:55,39.752268666666666,30.48034733333333,805.8,23.1,3.15,4,False,50.56,48.98,3245.4,3252.5,3250.2000000000003,48.8,4.0,35.0,35.0,36,900.1,48.5,66,368,OFF,OFF,Night mode,OFF,54.8,35.0,OFF,OFF,Not pressed,Pressed,0,0
2024-12-17 13:14:56,39.75226516666667,30.4803545,805.8,23.1,3.15,6,False,50.55,48.97,3221.7000000000003,3233.6000000000004,3230.6000000000004,48.5,7.0,37.0,38.0,36,900.1,48.1875,96,641,OFF,OFF,Night mode,OFF,54.8,35.0,OFF,OFF,Not pressed,Pressed,0,0
2024-12-17 13:14:57,39.752254666666666,30.480364666666667,805.7,23.08,3.15,7,False,50.54,48.96,3201.6000000000004,3212.3,3208.9,48.1,10.5,39.0,39.0,36,900.1,47.6875,131,925,OFF,OFF,Night mode,OFF,54.8,35.0,OFF,OFF,Not pressed,Pressed,0,0
2024-12-17 13:14:58,39.75223666666667,30.480374333333334,805.7,23.08,3.15,7,False,50.53,48.95,3182.2000000000003,3190.1000000000004,3186.3,47.8,14.0,40.0,40.0,36,900.1,47.1875,164,1214,OFF,OFF,Night mode,OFF,54.8,35.0,OFF,OFF,Not pressed,Pressed,0,0
2024-12-17 13:14:59,39.75221233333333,30.480382833333334,805.3,23.41,3.15,9,False,50.52,48.94,3160.7000000000003,3168.3,3165.0,47.5,17.0,40.0,40.0,36,900.1,47.0,193,1490,OFF,OFF,Night mode,OFF,54.8,35.0,OFF,OFF,Not pressed,Pressed,0,0
2024-12-17 13:15:00,39.7521785,30.480385833333333,805.3,23.41,3.15,11,False,50.5,48.92,3133.0,3155.6000000000004,3150.5,47.3,20.0,36.0,36.0,36,900.1,46.6875,202,1733,OFF,OFF,Night mode,OFF,54.8,35.0,OFF,OFF,Not pressed,Pressed,0,0
2024-12-17 13:15:01,39.752138,30.48038683333333,805.4,23.35,3.15,6,2 saat 33 dakika,50.5,48.92,3280.1000000000004,3290.9,3285.8,49.3,18.5,-15.0,-15.0,36,900.2,49.4375,-46,1584,OFF,OFF,Night mode,OFF,54.8,35.0,OFF,OFF,Not pressed,Pressed,0,0
2024-12-17 13:15:02,39.752098833333335,30.480388833333333,805.2,23.35,3.11,0,4 saat 25 dakika,50.5,48.92,3275.7000000000003,3284.3,3280.8,49.2,12.5,-10.0,-10.0,37,900.2,49.1875,-18,1074,OFF,OFF,Night mode,OFF,54.8,35.0,OFF,OFF,Not pressed,Pressed,0,0
2024-12-17 13:15:03,39.75206833333333,30.480391166666667,805.4,23.49,3.11,-2,False,50.5,48.92,3249.4,3255.8,3254.1000000000004,48.8,9.5,23.0,23.0,37,900.2,48.25,70,856,OFF,OFF,Night mode,OFF,54.8,35.0,OFF,OFF,Not pressed,Pressed,0,0
2024-12-17 13:15:04,39.75204566666667,30.480392666666667,805.6,23.49,3.11,4,False,50.49,48.91,3203.2000000000003,3211.1000000000004,3207.8,48.1,11.5,34.0,34.0,36,900.2,47.625,116,996,OFF,OFF,Night mode,OFF,54.8,35.0,OFF,OFF,Not pressed,Pressed,0,0
2024-12-17 13:15:05,39.75202216666667,30.4803945,805.6,23.1,3.11,6,False,50.48,48.9,3188.1000000000004,3199.3,3195.6000000000004,47.900000000000006,13.5,33.0,33.0,37,900.2,47.4375,127,1165,OFF,OFF,Night mode,OFF,54.8,35.0,OFF,OFF,Not pressed,Pressed,0,0
2024-12-17 13:15:06,39.75199516666667,30.4803955,805.8,23.1,3.11,6,False,50.48,48.9,3250.0,3256.4,3254.8,48.8,12.0,15.0,15.0,37,900.2,48.4375,51,1084,OFF,OFF,Night mode,OFF,54.8,35.0,OFF,OFF,Not pressed,Pressed,0,0
2024-12-17 13:15:07,39.751967,30.48039633333333,805.8,22.82,3.11,6,False,50.47,48.89,3235.1000000000004,3241.8,3239.6000000000004,48.6,11.5,2.0,10.0,37,900.2,48.8125,8,996,OFF,OFF,Night mode,OFF,54.8,35.0,OFF,OFF,Not pressed,Pressed,0,0
2024-12-17 13:15:08,39.75193983333333,30.48039733333333,806.3,22.82,3.11,0,10 saat 36 dakika,50.47,48.89,3262.1000000000004,3268.6000000000004,3267.0,49.0,5.5,-3.0,-2.0,37,900.2,48.9375,-1,497,OFF,OFF,Night mode,OFF,54.8,35.0,OFF,OFF,Not pressed,Pressed,0,0
2024-12-17 13:15:09,39.75192216666667,30.480398333333333,806.5,23.4,3.11,0,False,50.47,48.89,3236.7000000000003,3243.6000000000004,3241.4,48.6,4.0,40.0,40.0,37,900.2,48.1875,80,364,OFF,OFF,Night mode,OFF,54.8,35.0,OFF,OFF,Not pressed,Pressed,0,0
2024-12-17 13:15:10,39.75191183333333,30.480397666666665,806.5,23.4,3.11,7,False,50.47,48.89,3197.0,3208.6000000000004,3205.2000000000003,48.1,7.0,49.0,49.0,37,900.2,47.5,132,624,OFF,OFF,Night mode,OFF,54.8,35.0,OFF,OFF,Not pressed,Pressed,0,0
2024-12-17 13:15:11,39.75189966666667,30.480396833333334,806.7,23.12,3.11,11,False,50.46,48.88,3163.9,3183.6000000000004,3179.6000000000004,47.7,10.0,52.0,52.0,37,900.2,47.125,178,899,OFF,OFF,Night mode,OFF,54.8,35.0,OFF,OFF,Not pressed,Pressed,0,0
2024-12-17 13:15:12,39.75187833333333,30.480397166666663,807.2,23.12,3.11,15,False,50.44,48.86,3106.2000000000003,3121.5,3117.0,46.8,14.0,61.0,61.0,37,900.2,45.8125,280,1251,OFF,OFF,Night mode,OFF,54.8,35.0,OFF,OFF,Not pressed,Pressed,0,0
2024-12-17 13:15:13,39.751849666666665,30.48040033333333,807.7,23.41,3.11,16,False,50.42,48.84,3053.5,3083.3,3078.0,46.2,19.0,62.0,62.0,37,900.2,45.375,350,1656,OFF,OFF,Night mode,OFF,54.8,35.0,OFF,OFF,Not pressed,Pressed,0,0
2024-12-17 13:15:14,39.7518115,30.480403666666668,808.2,23.41,3.11,16,False,50.39,48.81,3043.2000000000003,3094.4,3079.9,46.2,23.0,51.0625,54.0,38,900.2,44.875,331,2014,OFF,OFF,Night mode,OFF,54.8,35.0,OFF,OFF,Not pressed,Pressed,0,0
2024-12-17 13:15:15,39.75176433333333,30.480409166666668,808.8,23.1,3.11,16,False,50.36,48.78,3103.8,3124.3,3118.6000000000004,46.8,25.0,30.0,30.0,37,900.2,46.625,209,2199,OFF,OFF,Night mode,OFF,54.8,35.0,OFF,OFF,Not pressed,Pressed,0,0
2024-12-17 13:15:16,39.75171116666667,30.480412666666663,809.1,23.1,3.11,13,False,50.35,48.77,3140.4,3158.0,3152.4,47.3,25.0,26.0,26.0,38,900.2,46.75,165,2154,OFF,OFF,Night mode,OFF,54.8,35.0,OFF,OFF,Not pressed,Pressed,0,0
2024-12-17 13:15:17,39.75165583333333,30.480415333333333,809.8,23.05,3.11,11,False,50.34,48.76,3135.2000000000003,3153.8,3148.8,47.2,24.5,27.0,27.0,38,900.2,46.5625,169,2116,OFF,OFF,Night mode,OFF,54.8,35.0,OFF,OFF,Not pressed,Pressed,0,0
2024-12-17 13:15:18,39.751602,30.480418166666663,810.4,23.05,3.11,11,False,50.32,48.73,3101.1000000000004,3123.7000000000003,3117.2000000000003,46.8,25.0,35.0,35.0,38,900.2,46.3125,228,2148,OFF,OFF,Night mode,OFF,54.8,35.0,OFF,OFF,Not pressed,Pressed,0,0
2024-12-17 13:15:19,39.75154883333333,30.48042183333333,811.0,23.01,3.11,11,False,50.3,48.71,3096.3,3114.9,3107.7000000000003,46.6,26.0,38.0,38.0,38,900.2,45.875,261,2244,OFF,OFF,Night mode,OFF,54.8,35.0,OFF,OFF,Not pressed,Pressed,0,0
2024-12-17 13:15:20,39.7514935,30.48042333333333,811.5,23.01,3.11,11,False,50.28,48.69,3077.4,3107.3,3098.7000000000003,46.5,27.0,36.0,36.0,38,900.2,45.8125,261,2331,OFF,ON,Night mode,OFF,54.8,35.0,OFF,OFF,Not pressed,Pressed,0,0
2024-12-17 13:15:21,39.75143583333333,30.480424166666666,812.0,23.03,3.11,11,False,50.26,48.67,3139.0,3157.8,3152.4,47.3,27.0,4.0,4.0,38,900.2,47.875,37,2334,OFF,ON,Night mode,OFF,54.8,35.0,OFF,OFF,Not pressed,Pressed,0,0
2024-12-17 13:15:22,39.75137733333333,30.480426666666663,812.5,23.03,3.11,2,2 saat 13 dakika,50.26,48.67,3270.0,3277.9,3275.5,49.1,21.5,-15.0,-15.0,38,900.2,49.1875,-53,1858,OFF,ON,Night mode,OFF,54.8,35.0,OFF,OFF,Not pressed,Pressed,0,0
2024-12-17 13:15:23,39.751324833333335,30.480428166666663,812.8,22.8,3.11,-4,3 saat 12 dakika,50.27,48.68,3262.5,3277.5,3268.9,49.0,15.0,-13.0,-13.0,38,900.2,49.125,-30,1277,OFF,ON,Night mode,OFF,54.8,35.0,OFF,OFF,Not pressed,Pressed,0,0
2024-12-17 13:15:24,39.751286666666665,30.48042866666667,812.8,22.8,3.11,-4,7 saat 30 dakika,50.27,48.68,3250.9,3257.2000000000003,3255.6000000000004,48.8,9.0,-5.0,-5.0,38,900.2,48.8125,-5,765,OFF,ON,Night mode,OFF,54.8,35.0,OFF,OFF,Not pressed,Pressed,0,0
2024-12-17 13:15:25,39.75126166666666,30.4804315,812.5,22.8,3.11,-4,False,50.27,48.68,3234.7000000000003,3241.4,3239.7000000000003,48.6,5.5,19.0,20.0,39,900.2,48.3125,43,517,OFF,ON,Night mode,OFF,54.8,35.0,OFF,OFF,Not pressed,Pressed,0,0
2024-12-17 13:15:26,39.75124816666667,30.48043033333333,811.9,22.8,3.11,2,False,50.27,48.68,3215.0,3222.0,3219.6000000000004,48.3,6.0,32.0,32.0,39,900.2,47.9375,73,530,OFF,ON,Night mode,OFF,54.8,35.0,OFF,OFF,Not pressed,Pressed,0,0
2024-12-17 13:15:27,39.75123516666667,30.480431666666668,812.1,23.2,3.11,6,False,50.26,48.67,3191.8,3199.9,3197.0,48.0,7.0,44.0,44.0,39,900.2,47.4375,119,650,OFF,ON,Night mode,OFF,54.8,35.0,OFF,OFF,Not pressed,Pressed,0,0
2024-12-17 13:15:28,39.751223333333336,30.4804325,811.9,23.2,3.11,9,False,50.25,48.66,3166.7000000000003,3182.2000000000003,3178.8,47.7,9.5,45.0,45.0,39,900.3000000000001,47.25,144,847,OFF,ON,Night mode,OFF,54.8,35.0,OFF,OFF,Not pressed,Pressed,0,0
2024-12-17 13:15:29,39.75120483333333,30.480432,811.8,23.06,3.11,9,False,50.24,48.65,3224.7000000000003,3231.2000000000003,3228.9,48.400000000000006,10.0,8.0,7.0,39,900.3000000000001,48.375,22,885,OFF,ON,Night mode,OFF,54.8,35.0,OFF,OFF,Not pressed,Pressed,0,0
2024-12-17 13:15:30,39.7511835,30.4804315,811.6,23.06,3.11,6,False,50.24,48.65,3232.0,3238.3,3236.3,48.5,8.0,13.0,13.0,39,900.3000000000001,48.375,34,703,OFF,ON,Night mode,OFF,54.8,35.0,OFF,OFF,Not pressed,Pressed,0,0
2024-12-17 13:15:31,39.751165666666665,30.480433,811.7,23.1,3.11,7,False,50.24,48.65,3202.9,3213.7000000000003,3211.1000000000004,48.2,7.5,33.0,33.0,39,900.3000000000001,47.8125,90,685,OFF,ON,Night mode,OFF,54.8,35.0,OFF,OFF,Not pressed,Pressed,0,0
2024-12-17 13:15:32,39.75115083333333,30.480439333333333,812.1,23.1,3.11,9,False,50.23,48.64,3182.1000000000004,3195.6000000000004,3192.6000000000004,47.900000000000006,9.0,39.0,39.0,39,900.3000000000001,47.4375,122,816,OFF,ON,Night mode,OFF,54.8,35.0,OFF,OFF,Not pressed,Pressed,0,0
2024-12-17 13:15:33,39.75113433333333,30.480447833333333,812.3,23.46,3.11,9,False,50.22,48.63,3167.6000000000004,3182.5,3178.4,47.7,11.0,42.0,42.0,39,900.3000000000001,47.0625,145,952,OFF,ON,Night mode,OFF,54.8,35.0,OFF,OFF,Not pressed,Pressed,0,0
2024-12-17 13:15:34,39.75111733333333,30.48046533333333,812.1,23.46,3.11,11,False,50.21,48.620000000000005,3141.1000000000004,3153.1000000000004,3148.9,47.2,14.0,47.0,47.0,39,900.3000000000001,46.5625,198,1207,OFF,ON,Night mode,OFF,54.8,35.0,OFF,OFF,Not pressed,Pressed,0,0
2024-12-17 13:15:35,39.751102,30.4804935,812.2,23.26,3.11,11,False,50.19,48.6,3113.6000000000004,3130.1000000000004,3124.7000000000003,46.900000000000006,17.0,47.0,47.0,40,900.3000000000001,45.9375,234,1490,OFF,ON,Night mode,OFF,54.8,35.0,OFF,OFF,Not pressed,Pressed,0,0
2024-12-17 13:15:36,39.75109583333333,30.480534166666665,811.3,23.26,3.11,13,False,50.17,48.58,3096.5,3114.2000000000003,3103.9,46.6,21.0,45.0,45.0,40,900.3000000000001,45.875,262,1826,ON,OFF,Night mode,OFF,54.8,35.0,OFF,OFF,Not pressed,Pressed,0,0
2024-12-17 13:15:37,39.75108766666666,30.48058766666667,811.7,23.61,3.11,13,False,50.15,48.56,3093.5,3110.8,3105.8,46.6,25.0,39.0,38.0,40,900.3000000000001,45.875,260,2160,ON,OFF,Night mode,OFF,54.8,35.0,OFF,OFF,Not pressed,Pressed,0,0
2024-12-17 13:15:38,39.751089,30.480650666666666,811.0,23.61,3.11,11,False,50.14,48.55,3138.6000000000004,3151.8,3147.9,47.2,28.0,23.0,22.0,41,900.3000000000001,46.6875,160,2406,ON,OFF,Night mode,OFF,54.8,35.0,OFF,OFF,Not pressed,Pressed,0,0
2024-12-17 13:15:39,39.751085,30.4807245,811.2,23.52,3.11,7,False,50.120000000000005,48.53,3148.5,3162.7000000000003,3158.3,47.400000000000006,29.0,20.0,20.0,40,900.3000000000001,46.6875,141,2502,ON,OFF,Night mode,OFF,54.8,35.0,OFF,OFF,Not pressed,Pressed,0,0
2024-12-17 13:15:40,39.751083666666666,30.48080483333333,811.2,23.52,3.11,6,False,50.11,48.52,3155.3,3166.2000000000003,3162.5,47.400000000000006,30.0,14.0,13.0,41,900.3000000000001,47.25,101,2604,ON,OFF,Night mode,OFF,54.8,35.0,OFF,OFF,Not pressed,Pressed,0,0
2024-12-17 13:15:41,39.75108616666667,30.4808875,811.0,23.41,3.11,0,1 saat 45 dakika,50.11,48.52,3276.4,3289.6000000000004,3283.1000000000004,49.2,27.0,-15.0,-15.0,41,900.3000000000001,49.5,-74,2342,ON,OFF,Night mode,OFF,54.8,35.0,OFF,OFF,Not pressed,Pressed,0,0
2024-12-17 13:15:42,39.75109433333333,30.480966,810.3,23.41,3.11,-6,2 saat 8 dakika,50.120000000000005,48.53,3277.2000000000003,3285.2000000000003,3282.3,49.2,22.5,-15.0,-15.0,40,900.3000000000001,49.375,-56,1929,ON,OFF,Night mode,OFF,54.8,35.0,OFF,OFF,Not pressed,Pressed,0,0
2024-12-17 13:15:43,39.75109433333333,30.481035666666667,810.5,23.46,3.11,-14,3 saat 6 dakika,50.120000000000005,48.53,3268.0,3280.7000000000003,3273.8,49.1,15.5,-14.0,-13.0,40,900.3000000000001,49.1875,-34,1339,ON,OFF,Night mode,OFF,54.8,35.0,OFF,OFF,Not pressed,Pressed,0,0
2024-12-17 13:15:44,39.7510875,30.481088,810.5,23.46,3.11,-14,5 saat 36 dakika,50.120000000000005,48.53,3257.5,3264.3,3262.3,48.900000000000006,11.5,-7.0,-7.0,41,900.3000000000001,48.9375,-12,1020,ON,OFF,Night mode,OFF,54.8,35.0,OFF,OFF,Not pressed,Pressed,0,0
2024-12-17 13:15:45,39.751072666666666,30.481123166666663,810.8,23.54,3.11,-8,False,50.120000000000005,48.53,3223.5,3230.4,3227.6000000000004,48.400000000000006,11.0,18.0,18.0,41,900.3000000000001,48.125,63,982,ON,OFF,Night mode,OFF,54.8,35.0,OFF,OFF,Not pressed,Pressed,0,0
2024-12-17 13:15:46,39.7510515,30.481146,810.9,23.54,3.11,-2,False,50.120000000000005,48.53,3177.1000000000004,3188.8,3185.7000000000003,47.8,13.0,33.0,33.0,40,900.3000000000001,47.4375,129,1157,ON,OFF,Night mode,OFF,54.8,35.0,OFF,OFF,Not pressed,Pressed,0,0
2024-12-17 13:15:47,39.7510275,30.48116183333333,810.7,23.63,3.11,2,False,50.11,48.52,3164.0,3178.4,3173.5,47.6,14.0,40.0,41.0,40,900.3000000000001,46.8125,167,1220,OFF,OFF,Night mode,OFF,54.8,35.0,OFF,OFF,Not pressed,Pressed,0,0
2024-12-17 13:15:48,39.7509985,30.481165,810.8,23.63,3.11,9,False,50.09,48.5,3080.5,3100.5,3095.1000000000004,46.400000000000006,17.0,62.0,62.0,41,900.3000000000001,45.375,325,1478,OFF,OFF,Night mode,OFF,54.8,35.0,OFF,OFF,Not pressed,Pressed,0,0
2024-12-17 13:15:49,39.75096366666666,30.4811605,811.1,23.36,3.11,13,False,50.06,48.47,3027.2000000000003,3060.7000000000003,3049.1000000000004,45.7,21.0,58.1875,61.0,42,900.3000000000001,44.25,358,1819,OFF,OFF,Night mode,OFF,54.8,35.0,OFF,OFF,Not pressed,Pressed,0,0
2024-12-17 13:15:50,39.750919333333336,30.481154333333333,811.8,23.36,3.11,15,False,50.04,48.45,3040.5,3067.3,3060.0,45.900000000000006,23.5,49.25,54.0,41,900.3000000000001,45.6875,325,2046,OFF,OFF,Night mode,OFF,54.8,35.0,OFF,OFF,Not pressed,Pressed,0,0
2024-12-17 13:15:51,39.75087033333333,30.481149,812.5,23.54,3.11,15,False,50.01,48.42,3064.5,3079.3,3071.3,46.1,25.0,44.3125,45.0,41,900.3000000000001,45.25,306,2171,OFF,OFF,Night mode,OFF,54.8,35.0,OFF,OFF,Not pressed,Pressed,0,0
2024-12-17 13:15:52,39.7508165,30.481144,813.1,23.54,3.11,15,False,49.99,48.39,3054.2000000000003,3077.6000000000004,3068.7000000000003,46.0,26.0,40.6875,43.0,41,900.4000000000001,45.5625,289,2260,OFF,OFF,Night mode,OFF,54.8,35.0,OFF,OFF,Not pressed,Pressed,0,0
2024-12-17 13:15:53,39.75076083333333,30.481139833333334,813.7,23.7,3.11,13,False,49.96,48.36,3063.9,3083.3,3075.4,46.1,27.0,38.4375,41.0,42,900.4000000000001,44.9375,281,2320,OFF,OFF,Night mode,OFF,54.8,35.0,OFF,OFF,Not pressed,Pressed,0,0
2024-12-17 13:15:54,39.750702833333335,30.481137166666667,814.5,23.7,3.11,13,False,49.94,48.34,3074.2000000000003,3094.4,3084.1000000000004,46.3,27.5,36.0,40.0,42,900.4000000000001,45.5625,271,2375,OFF,OFF,Night mode,OFF,54.8,35.0,OFF,OFF,Not pressed,Pressed,0,0
2024-12-17 13:15:55,39.75064366666667,30.4811355,815.0,23.61,3.11,13,False,49.92,48.32,3071.9,3089.9,3084.7000000000003,46.3,28.0,34.375,39.0,42,900.4000000000001,45.375,263,2421,OFF,OFF,Night mode,OFF,54.8,35.0,OFF,OFF,Not pressed,Pressed,0,0
2024-12-17 13:15:56,39.750583166666665,30.4811335,815.8,23.61,3.11,11,False,49.9,48.3,3082.2000000000003,3101.0,3091.0,46.400000000000006,28.5,33.4375,38.0,42,900.4000000000001,45.25,260,2472,OFF,OFF,Night mode,OFF,54.8,35.0,OFF,OFF,Not pressed,Pressed,0,0
2024-12-17 13:15:57,39.75052016666667,30.481130666666665,816.6,23.8,3.11,9,False,49.88,48.28,3071.5,3093.5,3086.9,46.3,29.5,32.1875,37.0,42,900.4000000000001,45.375,253,2535,OFF,OFF,Night mode,OFF,54.8,35.0,OFF,OFF,Not pressed,Pressed,0,0
2024-12-17 13:15:58,39.750456666666665,30.48112783333333,817.1,23.8,3.11,9,False,49.86,48.26,3074.9,3092.1000000000004,3084.3,46.3,30.0,31.125,36.0,42,900.4000000000001,45.375,252,2584,OFF,OFF,Night mode,OFF,54.8,35.0,OFF,OFF,Not pressed,Pressed,0,0
2024-12-17 13:15:59,39.75039116666667,30.481125833333333,817.8,23.42,3.11,9,False,49.84,48.24,3085.4,3101.1000000000004,3093.2000000000003,46.400000000000006,30.5,30.625,35.0,43,900.4000000000001,45.9375,249,2630,OFF,OFF,Night mode,OFF,54.8,35.0,OFF,OFF,Not pressed,Pressed,0,0
2024-12-17 13:16:00,39.750324166666665,30.4811235,818.3,23.42,3.11,8,False,49.82,48.22,3056.4,3101.5,3091.8,46.400000000000006,31.0,29.125,34.0,42,900.4000000000001,45.6875,248,2698,OFF,OFF,Night mode,OFF,54.8,35.0,OFF,OFF,Not pressed,Pressed,0,0
2024-12-17 13:16:01,39.7502555,30.4811215,818.9,23.59,3.11,9,False,49.8,48.2,3074.7000000000003,3096.5,3090.5,46.400000000000006,32.0,28.125,33.0,43,900.4000000000001,45.1875,242,2764,OFF,OFF,Night mode,OFF,54.8,35.0,OFF,OFF,Not pressed,Pressed,0,0
2024-12-17 13:16:02,39.7501855,30.481119666666668,819.4,23.59,3.11,9,False,49.78,48.18,3078.4,3099.5,3094.0,46.400000000000006,33.0,27.0,31.0,43,900.4000000000001,45.6875,237,2832,OFF,OFF,Night mode,OFF,54.8,35.0,OFF,OFF,Not pressed,Pressed,0,0
2024-12-17 13:16:03,39.750114333333336,30.481118666666667,820.0,23.04,3.11,7,False,49.76,48.16,3071.8,3104.4,3094.9,46.400000000000006,33.0,21.0,21.0,43,900.4000000000001,45.875,181,2868,OFF,OFF,Night mode,OFF,54.8,35.0,OFF,OFF,Not pressed,Pressed,0,0
2024-12-17 13:16:04,39.75004216666667,30.481118,820.5,23.04,3.11,4,1 saat 55 dakika,49.76,48.16,3251.5,3261.1000000000004,3257.1000000000004,48.900000000000006,30.5,-11.0,-11.0,43,900.4000000000001,49.0,-65,2645,OFF,OFF,Night mode,OFF,54.8,35.0,OFF,OFF,Not pressed,Pressed,0,0
2024-12-17 13:16:05,39.749973,30.48111783333333,821.0,23.49,3.11,2,False,49.76,48.16,3193.9,3201.2000000000003,3198.9,48.0,27.5,8.0,8.0,43,900.5,47.75,55,2378,ON,OFF,Night mode,OFF,54.8,35.0,OFF,OFF,Not pressed,Pressed,0,0
2024-12-17 13:16:06,39.74990966666667,30.481116166666663,821.5,23.49,3.11,2,False,49.75,48.15,3185.8,3193.8,3190.6000000000004,47.900000000000006,26.0,12.0,12.0,43,900.5,47.5,78,2257,ON,OFF,Night mode,OFF,54.8,35.0,OFF,OFF,Not pressed,Pressed,0,0
2024-12-17 13:16:07,39.74984966666667,30.481116,822.1,23.63,3.11,4,False,49.74,48.14,3116.8,3145.8,3139.6000000000004,47.1,26.0,25.0,25.0,43,900.5,46.625,164,2251,ON,OFF,Night mode,OFF,54.8,35.0,OFF,OFF,Not pressed,Pressed,0,0
2024-12-17 13:16:08,39.7497935,30.481120333333333,822.5,23.63,3.11,6,False,49.73,48.13,3114.8,3145.5,3140.7000000000003,47.1,26.0,25.0,25.0,44,900.5,46.5,166,2267,ON,OFF,Night mode,OFF,54.8,35.0,OFF,OFF,Not pressed,Pressed,0,0
2024-12-17 13:16:09,39.74973833333333,30.48113,822.8,23.52,3.11,4,False,49.72,48.120000000000005,3179.3,3188.1000000000004,3185.7000000000003,47.8,25.5,-3.0,-3.0,43,900.5,48.4375,-13,2155,ON,OFF,Night mode,OFF,54.8,35.0,OFF,OFF,Not pressed,Pressed,0,0
2024-12-17 13:16:10,39.74968233333333,30.481142833333333,823.1,23.52,3.11,0,3 saat 27 dakika,49.72,48.120000000000005,3249.1000000000004,3258.6000000000004,3254.0,48.8,21.5,-3.0,-1.0,44,900.5,48.5625,-9,1849,ON,OFF,Night mode,OFF,54.8,35.0,OFF,OFF,Not pressed,Pressed,0,0
2024-12-17 13:16:11,39.74963233333333,30.481154333333333,823.4,23.42,3.11,0,False,49.72,48.120000000000005,3205.2000000000003,3211.5,3209.5,48.1,19.5,9.0,9.0,43,900.5,47.9375,44,1694,ON,OFF,Night mode,OFF,54.8,35.0,OFF,OFF,Not pressed,Pressed,0,0
2024-12-17 13:16:12,39.7495875,30.481162,823.6,23.42,3.11,0,False,49.72,48.120000000000005,3203.9,3211.4,3209.0,48.1,18.5,11.0,11.0,44,900.5,47.875,53,1597,ON,OFF,Night mode,OFF,54.8,35.0,OFF,OFF,Not pressed,Pressed,0,0
2024-12-17 13:16:13,39.74954616666667,30.481165333333333,823.8,23.51,3.11,2,False,49.71,48.11,3164.3,3172.5,3168.6000000000004,47.5,18.5,28.0,29.0,44,900.5,46.75,140,1602,ON,OFF,Night mode,OFF,54.8,35.0,OFF,OFF,Not pressed,Pressed,0,0
2024-12-17 13:16:14,39.749506,30.481158666666666,824.0,23.51,3.11,4,False,49.7,48.1,3154.9,3165.5,3162.1000000000004,47.400000000000006,19.5,24.0,23.0,43,900.5,47.0,121,1699,ON,OFF,Night mode,OFF,54.8,35.0,OFF,OFF,Not pressed,Pressed,0,0
2024-12-17 13:16:15,39.74946683333334,30.4811395,824.1,23.96,3.11,4,False,49.69,48.09,3178.5,3185.1000000000004,3182.6000000000004,47.7,20.0,18.0,18.0,43,900.5,47.4375,93,1738,ON,OFF,Night mode,OFF,54.8,35.0,OFF,OFF,Not pressed,Pressed,0,0
2024-12-17 13:16:16,39.74943116666667,30.481107833333333,824.3,23.96,3.11,2,False,49.68,48.08,3190.6000000000004,3199.3,3196.4,47.900000000000006,21.0,8.0,7.0,44,900.5,47.875,40,1797,ON,OFF,Night mode,OFF,54.8,35.0,OFF,OFF,Not pressed,Pressed,0,0
2024-12-17 13:16:17,39.749400666666666,30.481067166666666,824.5,23.48,3.11,2,False,49.68,48.08,3216.2000000000003,3223.1000000000004,3221.1000000000004,48.3,20.0,6.0,6.0,44,900.5,48.125,31,1728,ON,OFF,Night mode,OFF,54.8,35.0,OFF,OFF,Not pressed,Pressed,0,0
2024-12-17 13:16:18,39.7493735,30.481022,824.6,23.48,3.11,2,False,49.68,48.08,3218.2000000000003,3224.8,3222.9,48.3,19.0,2.0,2.0,43,900.5,48.375,10,1668,ON,OFF,Night mode,OFF,54.8,35.0,OFF,OFF,Not pressed,Pressed,0,0
2024-12-17 13:16:19,39.74934783333333,30.480977,824.6,23.81,3.15,-2,4 saat 3 dakika,49.68,48.08,3252.3,3260.2000000000003,3257.3,48.900000000000006,13.0,-11.0,-11.0,44,900.5,48.875,-22,1126,ON,OFF,Night mode,OFF,54.8,35.0,OFF,OFF,Not pressed,Pressed,0,0
2024-12-17 13:16:20,39.74932783333333,30.48093983333333,824.6,23.81,3.15,-2,False,49.68,48.08,3207.8,3214.8,3212.5,48.2,13.0,21.0,22.0,44,900.5,47.625,87,1174,ON,OFF,Night mode,OFF,54.8,35.0,OFF,OFF,Not pressed,Pressed,0,0
2024-12-17 13:16:21,39.74931083333333,30.480909166666667,824.6,23.96,3.11,4,False,49.67,48.07,3131.4,3142.3,3137.1000000000004,47.1,16.0,47.0,47.0,44,900.5,46.4375,226,1415,ON,OFF,Night mode,OFF,54.8,35.0,OFF,OFF,Not pressed,Pressed,0,0
2024-12-17 13:16:22,39.749292,30.480874,824.7,23.96,3.11,9,False,49.65,48.04,3088.0,3104.4,3097.5,46.5,21.0,48.0,48.0,44,900.5,45.875,282,1812,ON,OFF,Night mode,OFF,54.8,35.0,OFF,OFF,Not pressed,Pressed,0,0
2024-12-17 13:16:23,39.74926766666667,30.4808305,824.7,23.96,3.15,11,False,49.63,48.02,3046.0,3100.0,3090.4,46.400000000000006,25.0,41.0,40.0,44,900.5,45.875,276,2162,OFF,OFF,Night mode,OFF,54.8,35.0,OFF,OFF,Not pressed,Pressed,0,0
2024-12-17 13:16:24,39.749238166666665,30.480778,824.6,23.96,3.15,11,False,49.61,48.0,3130.2000000000003,3145.1000000000004,3138.1000000000004,47.1,27.5,24.0,24.0,44,900.5,46.375,165,2372,OFF,OFF,Night mode,OFF,54.8,35.0,OFF,OFF,Not pressed,Pressed,0,0
2024-12-17 13:16:25,39.74920566666667,30.480719166666667,824.2,23.96,3.15,7,False,49.6,47.99,3130.2000000000003,3147.4,3141.3,47.1,29.0,22.0,22.0,44,900.6,46.625,161,2500,OFF,OFF,Night mode,OFF,54.8,35.0,OFF,OFF,Not pressed,Pressed,0,0
2024-12-17 13:16:26,39.74916866666667,30.480657,824.3,23.96,3.15,7,False,49.58,47.97,3131.1000000000004,3146.8,3142.2000000000003,47.1,30.0,21.0,21.0,44,900.6,46.5,158,2604,OFF,OFF,Night mode,OFF,54.8,35.0,OFF,OFF,Not pressed,Pressed,0,0
2024-12-17 13:16:27,39.7491325,30.480589833333333,824.2,23.49,3.15,6,False,49.57,47.96,3132.0,3148.4,3145.1000000000004,47.2,31.5,20.0,20.0,44,900.6,46.3125,154,2723,OFF,OFF,Night mode,OFF,54.8,35.0,OFF,OFF,Not pressed,Pressed,0,0
2024-12-17 13:16:28,39.74909766666666,30.480514666666668,824.3,23.49,3.15,6,False,49.56,47.95,3141.6000000000004,3149.0,3144.5,47.2,32.5,19.0,19.0,45,900.6,46.9375,155,2824,OFF,OFF,Night mode,OFF,54.8,35.0,OFF,OFF,Not pressed,Pressed,0,0
2024-12-17 13:16:29,39.74906283333333,30.480434,824.6,23.51,3.15,6,False,49.55,47.94,3126.6000000000004,3150.1000000000004,3143.7000000000003,47.2,34.0,18.0,18.0,44,900.6,46.75,153,2919,OFF,OFF,Night mode,OFF,54.8,35.0,OFF,OFF,Not pressed,Pressed,0,0
2024-12-17 13:16:30,39.749029,30.480350833333333,824.9,23.51,3.15,6,False,49.54,47.93,3194.3,3201.3,3198.9,48.0,34.0,1.0,1.0,45,900.6,48.1875,8,2949,OFF,OFF,Night mode,OFF,54.8,35.0,OFF,OFF,Not pressed,Pressed,0,0
2024-12-17 13:16:31,39.74899333333333,30.480264666666667,825.3,23.12,3.15,2,False,49.54,47.93,3204.2000000000003,3210.9,3208.8,48.1,33.5,5.0,5.0,44,900.6,47.9375,41,2880,OFF,OFF,Night mode,OFF,54.8,35.0,OFF,OFF,Not pressed,Pressed,0,0
2024-12-17 13:16:32,39.748957833333336,30.48018,825.7,23.12,3.15,2,False,49.53,47.92,3207.1000000000004,3213.4,3211.0,48.2,32.5,4.0,4.0,45,900.6,48.0625,31,2799,OFF,OFF,Night mode,OFF,54.8,35.0,OFF,OFF,Not pressed,Pressed,0,0
2024-12-17 13:16:33,39.74892183333333,30.480098666666667,826.3,23.87,3.15,-2,2 saat 4 dakika,49.53,47.92,3267.9,3285.1000000000004,3275.3,49.1,29.0,-13.0,-13.0,45,900.6,49.25,-68,2486,OFF,OFF,Night mode,OFF,54.8,35.0,OFF,OFF,Not pressed,Pressed,0,0
2024-12-17 13:16:34,39.74888983333334,30.480022166666668,826.7,23.87,3.15,-6,2 saat 3 dakika,49.54,47.93,3273.8,3285.4,3279.0,49.2,24.0,-15.0,-15.0,45,900.6,49.1875,-60,2057,OFF,OFF,Night mode,OFF,54.8,35.0,OFF,OFF,Not pressed,Pressed,0,0
2024-12-17 13:16:35,39.74885966666667,30.479957666666667,827.3,23.58,3.15,-8,2 saat 43 dakika,49.54,47.93,3269.6000000000004,3278.9,3274.5,49.1,18.0,-15.0,-15.0,45,900.6,49.1875,-43,1568,OFF,OFF,Night mode,OFF,54.8,35.0,OFF,OFF,Not pressed,Pressed,0,0
2024-12-17 13:16:36,39.7488355,30.479906166666662,827.7,23.58,3.15,-8,4 saat 11 dakika,49.55,47.94,3258.0,3266.2000000000003,3263.1000000000004,48.900000000000006,14.5,-6.0,-5.0,45,900.6,48.8125,-13,1249,OFF,OFF,Night mode,OFF,54.8,35.0,OFF,OFF,Not pressed,Pressed,0,0
2024-12-17 13:16:37,39.74881783333333,30.479866,827.9,23.92,3.15,-2,False,49.55,47.94,3224.1000000000004,3230.2000000000003,3228.3,48.400000000000006,13.0,13.0,13.0,45,900.6,48.1875,50,1155,OFF,OFF,Night mode,OFF,54.8,35.0,OFF,OFF,Not pressed,Pressed,0,0
2024-12-17 13:16:38,39.748803,30.479831166666667,828.2,23.92,3.15,0,False,49.54,47.93,3162.4,3181.0,3176.1000000000004,47.6,14.0,42.0,43.0,45,900.6,46.625,183,1233,OFF,OFF,Night mode,OFF,54.8,35.0,OFF,OFF,Not pressed,Pressed,0,0
2024-12-17 13:16:39,39.74878783333333,30.479797,828.4,24.18,3.15,7,False,49.52,47.91,3056.0,3098.4,3085.7000000000003,46.3,19.0,56.0,56.0,45,900.6,45.375,308,1638,OFF,OFF,Night mode,OFF,54.8,35.0,OFF,OFF,Not pressed,Pressed,0,0
2024-12-17 13:16:40,39.74876883333334,30.4797555,828.6,24.18,3.15,11,False,49.5,47.89,3058.3,3088.9,3081.2000000000003,46.2,23.5,47.0,46.0,45,900.6,45.3125,299,2043,OFF,OFF,Night mode,OFF,54.8,35.0,OFF,OFF,Not pressed,Pressed,0,0
2024-12-17 13:16:41,39.748746833333335,30.479701666666667,828.7,23.89,3.15,11,False,49.47,47.86,3062.6000000000004,3086.9,3078.5,46.2,27.0,37.625,38.0,45,900.7,45.25,275,2331,OFF,OFF,Night mode,OFF,54.8,35.0,OFF,OFF,Not pressed,Pressed,0,0
2024-12-17 13:16:42,39.74871916666667,30.479638833333333,828.8,23.89,3.15,11,False,49.45,47.84,3078.3,3094.4,3089.9,46.3,29.5,32.125,34.0,45,900.7,45.6875,256,2542,OFF,OFF,Night mode,OFF,54.8,35.0,OFF,OFF,Not pressed,Pressed,0,0
2024-12-17 13:16:43,39.7486875,30.479569666666663,828.9,23.48,3.15,9,False,49.43,47.82,3108.5,3125.4,3118.8,46.8,31.5,21.0,21.0,45,900.7,46.3125,170,2705,OFF,OFF,Night mode,OFF,54.8,35.0,OFF,OFF,Not pressed,Pressed,0,0
2024-12-17 13:16:44,39.74865333333333,30.479496166666667,829.1,23.48,3.15,7,False,49.42,47.81,3133.8,3151.0,3146.8,47.2,31.5,19.0,19.0,45,900.7,46.75,149,2742,OFF,OFF,Night mode,OFF,54.8,35.0,OFF,OFF,Not pressed,Pressed,0,0
2024-12-17 13:16:45,39.748617,30.47942133333333,829.1,23.8,3.15,6,False,49.41,47.8,3152.4,3164.1000000000004,3159.2000000000003,47.400000000000006,32.5,18.0,19.0,45,900.7,46.8125,145,2789,OFF,OFF,Night mode,OFF,54.8,35.0,OFF,OFF,Not pressed,Pressed,0,0
2024-12-17 13:16:46,39.748579166666666,30.47934533333333,829.3,23.8,3.15,6,False,49.39,47.78,3092.0,3120.1000000000004,3112.0,46.7,34.0,21.0,20.0,45,900.7,46.5,185,2924,OFF,OFF,Night mode,OFF,54.8,35.0,OFF,OFF,Not pressed,Pressed,0,0
2024-12-17 13:16:47,39.74854033333333,30.47926683333333,829.1,23.6,3.15,4,False,49.38,47.77,3191.3,3199.6000000000004,3196.9,48.0,34.0,4.0,4.0,45,900.7,47.875,32,2957,OFF,OFF,Night mode,OFF,54.8,35.0,OFF,OFF,Not pressed,Pressed,0,0
2024-12-17 13:16:48,39.74850083333333,30.479185666666663,829.1,23.6,3.15,2,False,49.38,47.77,3210.4,3217.4,3215.3,48.2,33.5,3.0,3.0,45,900.7,48.0625,25,2888,OFF,OFF,Night mode,OFF,54.8,35.0,OFF,OFF,Not pressed,Pressed,0,0
2024-12-17 13:16:49,39.74846483333334,30.47910183333333,829.1,24.04,3.15,0,False,49.38,47.77,3209.6000000000004,3216.1000000000004,3214.3,48.2,33.0,4.0,4.0,45,900.7,48.0625,32,2857,OFF,OFF,Night mode,OFF,54.8,35.0,OFF,OFF,Not pressed,Pressed,0,0
2024-12-17 13:16:50,39.74843216666667,30.479016,829.5,24.04,3.15,2,False,49.38,47.77,3203.8,3210.6000000000004,3208.7000000000003,48.1,33.0,6.0,6.0,45,900.7,47.875,49,2852,OFF,OFF,Night mode,OFF,54.8,35.0,OFF,OFF,Not pressed,Pressed,0,0
2024-12-17 13:16:51,39.748407666666665,30.4789275,829.4,24.07,3.15,0,3 saat 22 dakika,49.370000000000005,47.76,3244.9,3252.7000000000003,3249.9,48.7,32.5,-10.0,-11.0,45,900.7,49.3125,-65,2790,OFF,OFF,Night mode,OFF,54.8,35.0,OFF,OFF,Not pressed,Pressed,0,0
2024-12-17 13:16:52,39.74838966666667,30.478837833333333,829.4,24.07,3.15,-6,1 saat 56 dakika,49.38,47.77,3274.9,3283.0,3279.9,49.2,29.0,-13.0,-13.0,45,900.7,49.3125,-67,2499,OFF,OFF,Night mode,OFF,54.8,35.0,OFF,OFF,Not pressed,Pressed,0,0
2024-12-17 13:16:53,39.7483785,30.478752666666665,829.4,24.07,3.15,-8,2 saat 3 dakika,49.39,47.78,3276.1000000000004,3285.9,3282.5,49.2,24.0,-15.0,-15.0,45,900.7,49.375,-60,2059,OFF,OFF,Night mode,OFF,54.8,35.0,OFF,OFF,Not pressed,Pressed,0,0
2024-12-17 13:16:54,39.74836866666666,30.4786795,829.3,24.07,3.15,-10,2 saat 28 dakika,49.39,47.78,3273.1000000000004,3281.6000000000004,3279.2000000000003,49.2,20.5,-11.0,-9.0,45,900.8,49.25,-38,1785,OFF,OFF,Night mode,OFF,54.8,35.0,OFF,OFF,Not pressed,Pressed,0,0
2024-12-17 13:16:55,39.74836033333333,30.4786175,829.3,24.09,3.15,-6,False,49.39,47.78,3195.0,3203.8,3200.9,48.0,20.0,19.0,19.0,45,900.8,47.4375,101,1736,OFF,OFF,Night mode,OFF,54.8,35.0,OFF,OFF,Not pressed,Pressed,0,0
2024-12-17 13:16:56,39.74835333333333,30.47855883333333,829.0,24.09,3.15,0,False,49.38,47.77,3150.3,3171.8,3165.3,47.5,23.5,33.0,34.0,45,900.8,46.1875,218,2040,OFF,OFF,Night mode,OFF,54.8,35.0,OFF,OFF,Not pressed,Pressed,0,0
2024-12-17 13:16:57,39.74834533333333,30.4784975,828.9,24.22,3.15,6,False,49.36,47.75,3086.1000000000004,3103.8,3098.1000000000004,46.5,28.0,34.5,38.0,45,900.8,45.5,258,2400,OFF,OFF,Night mode,OFF,54.8,35.0,OFF,OFF,Not pressed,Pressed,0,0
2024-12-17 13:16:58,39.74833566666667,30.478426166666665,828.7,24.22,3.15,7,False,49.34,47.73,3086.1000000000004,3116.2000000000003,3107.9,46.6,31.5,29.0,30.0,45,900.8,45.6875,243,2709,OFF,OFF,Night mode,OFF,54.8,35.0,OFF,OFF,Not pressed,Pressed,0,0
2024-12-17 13:16:59,39.74832266666667,30.478343833333334,828.6,24.38,3.15,7,False,49.32,47.7,3091.7000000000003,3113.6000000000004,3108.7000000000003,46.6,34.5,24.4375,26.0,45,900.8,45.6875,224,2969,OFF,OFF,Night mode,OFF,54.8,35.0,OFF,OFF,Not pressed,Pressed,0,0
2024-12-17 13:17:00,39.748303,30.478255166666667,828.4,24.38,3.15,7,False,49.3,47.68,3116.6000000000004,3134.5,3129.0,46.900000000000006,36.5,14.0,13.0,45,900.8,46.75,128,3160,OFF,OFF,Night mode,OFF,54.8,35.0,OFF,OFF,Not pressed,Pressed,0,0
2024-12-17 13:17:01,39.74827666666667,30.478161,828.2,24.59,3.15,4,2 saat 12 dakika,49.3,47.68,3257.9,3280.5,3265.9,49.0,36.0,-9.0,-9.0,45,900.8,49.125,-60,3092,OFF,OFF,Night mode,OFF,54.8,35.0,OFF,OFF,Not pressed,Pressed,0,0
2024-12-17 13:17:02,39.7482455,30.4780675,828.1,24.59,3.15,0,2 saat 5 dakika,49.31,47.69,3268.1000000000004,3284.0,3274.8,49.1,34.0,-10.0,-10.0,45,900.8,49.3125,-60,2919,OFF,OFF,Night mode,OFF,54.8,35.0,OFF,OFF,Not pressed,Pressed,0,0
2024-12-17 13:17:03,39.74820883333334,30.4779805,827.9,24.29,3.15,-3,2 saat 1 dakika,49.31,47.69,3276.4,3292.9,3282.9,49.2,32.0,-11.0,-11.0,45,900.8,49.3125,-64,2764,OFF,OFF,Night mode,OFF,54.8,35.0,OFF,OFF,Not pressed,Pressed,0,0
2024-12-17 13:17:04,39.74816966666667,30.477902666666665,827.8,24.29,3.15,-6,2 saat 0 dakika,49.32,47.7,3279.4,3290.6000000000004,3285.7000000000003,49.3,30.5,-13.0,-13.0,46,900.8,49.5625,-71,2627,OFF,OFF,Night mode,OFF,54.8,35.0,OFF,OFF,Not pressed,Pressed,0,0
2024-12-17 13:17:05,39.74812716666667,30.477834166666668,827.5,24.12,3.15,-4,6 saat 19 dakika,49.32,47.7,3255.3,3262.3,3260.2000000000003,48.900000000000006,29.0,1.0,1.0,46,900.8,48.625,10,2521,OFF,OFF,Night mode,OFF,54.8,35.0,OFF,OFF,Not pressed,Pressed,0,0
2024-12-17 13:17:06,39.748082333333336,30.477773,827.4,24.12,3.15,-2,False,49.32,47.7,3222.3,3228.8,3226.9,48.400000000000006,30.0,6.0,6.0,46,900.8,48.1875,45,2602,OFF,OFF,Night mode,OFF,54.8,35.0,OFF,OFF,Not pressed,Pressed,0,0
2024-12-17 13:17:07,39.74803516666667,30.477715166666663,827.2,24.7,3.15,-2,False,49.32,47.7,3218.5,3225.1000000000004,3222.9,48.3,32.0,6.0,6.0,45,900.8,48.0625,47,2766,OFF,OFF,Night mode,OFF,54.8,35.0,OFF,OFF,Not pressed,Pressed,0,0
2024-12-17 13:17:08,39.747982666666665,30.4776585,826.8,24.7,3.15,-2,False,49.31,47.69,3220.4,3227.1000000000004,3225.0,48.400000000000006,34.5,4.0,4.0,46,900.9,48.25,33,2979,OFF,OFF,Night mode,OFF,54.8,35.0,OFF,OFF,Not pressed,Pressed,0,0
2024-12-17 13:17:09,39.74792166666667,30.477603666666667,826.3,24.75,3.15,0,False,49.31,47.69,3228.8,3235.4,3233.7000000000003,48.5,36.5,3.0,3.0,45,900.9,48.3125,27,3150,OFF,OFF,Night mode,OFF,54.8,35.0,OFF,OFF,Not pressed,Pressed,0,0
2024-12-17 13:17:10,39.74785383333333,30.4775555,825.8,24.75,3.15,0,False,49.31,47.69,3228.5,3235.2000000000003,3233.4,48.5,38.0,3.0,3.0,45,900.9,48.375,27,3266,OFF,OFF,Night mode,OFF,54.8,35.0,OFF,OFF,Not pressed,Pressed,0,0
2024-12-17 13:17:11,39.74777933333333,30.477512166666667,825.5,24.33,3.15,-2,3 saat 14 dakika,49.31,47.69,3259.0,3270.0,3264.5,49.0,38.0,-7.0,-7.0,45,900.9,49.3125,-53,3280,OFF,OFF,Night mode,OFF,54.8,35.0,OFF,OFF,Not pressed,Pressed,0,0
2024-12-17 13:17:12,39.74770133333333,30.4774735,825.1,24.33,3.15,-4,2 saat 28 dakika,49.31,47.69,3275.7000000000003,3289.8,3282.8,49.2,36.0,-9.0,-9.0,46,900.9,49.4375,-61,3099,OFF,OFF,Night mode,OFF,54.8,35.0,OFF,OFF,Not pressed,Pressed,0,0
2024-12-17 13:17:13,39.74762466666667,30.477438,825.0,24.37,3.15,-6,2 saat 2 dakika,49.32,47.7,3289.5,3300.9,3295.5,49.400000000000006,33.5,-10.0,-10.0,45,900.9,49.5,-59,2876,OFF,OFF,Night mode,OFF,54.8,35.0,OFF,OFF,Not pressed,Pressed,0,0
2024-12-17 13:17:14,39.747553,30.47740633333333,824.7,24.37,3.15,-8,2 saat 1 dakika,49.32,47.7,3291.7000000000003,3301.1000000000004,3297.3,49.5,30.5,-12.0,-12.0,46,900.9,49.625,-66,2620,OFF,OFF,Night mode,OFF,54.8,35.0,OFF,OFF,Not pressed,Pressed,0,0
2024-12-17 13:17:15,39.747487166666666,30.477376666666668,824.5,24.66,3.15,-10,1 saat 52 dakika,49.33,47.71,3299.3,3308.6000000000004,3304.6000000000004,49.6,27.0,-15.0,-15.0,45,900.9,49.75,-68,2324,OFF,OFF,Night mode,OFF,54.8,35.0,OFF,OFF,Not pressed,Pressed,0,0
2024-12-17 13:17:16,39.74742833333333,30.477349166666663,824.4,24.66,3.15,-10,2 saat 15 dakika,49.33,47.71,3293.6000000000004,3310.1000000000004,3300.6000000000004,49.5,23.5,-15.0,-15.0,46,900.9,49.6875,-59,2016,OFF,OFF,Night mode,OFF,54.8,35.0,OFF,OFF,Not pressed,Pressed,0,0
2024-12-17 13:17:17,39.747376333333335,30.477325,824.3,24.75,3.15,-10,28 saat 32 dakika,49.34,47.73,3260.8,3267.5,3265.7000000000003,49.0,22.0,10.0,10.0,45,900.9,48.375,52,1919,OFF,OFF,Night mode,OFF,54.8,35.0,OFF,OFF,Not pressed,Pressed,0,0
2024-12-17 13:17:18,39.747329666666666,30.477304666666665,824.2,24.75,3.15,-4,False,49.33,47.71,3211.6000000000004,3218.6000000000004,3216.3,48.2,24.0,13.0,13.0,45,900.9,47.9375,77,2059,OFF,OFF,Night mode,OFF,54.8,35.0,OFF,OFF,Not pressed,Pressed,0,0
2024-12-17 13:17:19,39.7472795,30.4772845,824.4,24.48,3.15,-6,2 saat 0 dakika,49.33,47.71,3291.2000000000003,3301.3,3296.8,49.5,22.5,-15.0,-15.0,45,900.9,49.625,-60,1968,OFF,OFF,Night mode,OFF,54.8,35.0,OFF,OFF,Not pressed,Pressed,0,0
2024-12-17 13:17:20,39.747231166666666,30.477262166666662,824.2,24.48,3.2,-10,2 saat 39 dakika,49.34,47.73,3286.1000000000004,3296.3,3291.2000000000003,49.400000000000006,19.0,-15.0,-15.0,45,900.9,49.5625,-44,1618,OFF,OFF,Night mode,OFF,54.8,35.0,OFF,OFF,Not pressed,Pressed,0,0
2024-12-17 13:17:21,39.74719183333333,30.4772325,824.1,24.72,3.2,-10,3 saat 35 dakika,49.34,47.73,3279.5,3287.2000000000003,3284.6000000000004,49.3,16.5,-5.0,-5.0,45,900.9,49.1875,-17,1438,OFF,OFF,Night mode,OFF,54.8,35.0,OFF,OFF,Not pressed,Pressed,0,0
2024-12-17 13:17:22,39.74716416666666,30.4771965,824.2,24.72,3.2,-6,False,49.34,47.73,3209.7000000000003,3217.4,3214.2000000000003,48.2,18.0,21.0,22.0,45,900.9,47.75,101,1581,OFF,OFF,Night mode,OFF,54.8,35.0,OFF,OFF,Not pressed,Pressed,0,0
2024-12-17 13:17:23,39.747145333333336,30.477153333333334,824.1,24.92,3.15,-2,False,49.33,47.71,3170.5,3189.2000000000003,3184.4,47.8,21.5,26.0,26.0,45,901.0,47.25,145,1856,OFF,OFF,Night mode,OFF,54.8,35.0,OFF,OFF,Not pressed,Pressed,0,0
2024-12-17 13:17:24,39.747136833333336,30.477098166666668,823.9,24.92,3.15,2,False,49.32,47.7,3159.6000000000004,3179.1000000000004,3175.2000000000003,47.6,24.5,24.0,24.0,45,901.0,47.0,150,2139,OFF,OFF,Night mode,OFF,54.8,35.0,OFF,OFF,Not pressed,Pressed,0,0
2024-12-17 13:17:25,39.747135666666665,30.477033,823.7,23.99,3.15,2,False,49.3,47.68,3182.2000000000003,3195.9,3192.4,47.900000000000006,27.5,15.0,15.0,45,901.0,47.5625,100,2374,OFF,OFF,Night mode,OFF,54.8,35.0,OFF,OFF,Not pressed,Pressed,0,0
2024-12-17 13:17:26,39.74713666666667,30.476959166666667,823.5,23.99,3.15,2,23 saat 10 dakika,49.3,47.68,3236.5,3242.9,3241.0,48.6,28.5,-6.0,-6.0,45,901.0,48.9375,-23,2445,OFF,OFF,Night mode,OFF,54.8,35.0,OFF,OFF,Not pressed,Pressed,0,0
2024-12-17 13:17:27,39.74713783333333,30.476879666666665,823.3,24.04,3.15,-2,1 saat 54 dakika,49.3,47.68,3290.8,3310.1000000000004,3299.1000000000004,49.5,26.5,-15.0,-15.0,45,901.0,49.625,-66,2277,OFF,OFF,Night mode,OFF,54.8,35.0,OFF,OFF,Not pressed,Pressed,0,0
2024-12-17 13:17:28,39.747139,30.47680283333333,823.0,24.04,3.15,-6,2 saat 9 dakika,49.31,47.69,3293.6000000000004,3305.0,3299.5,49.5,24.0,-15.0,-15.0,45,901.0,49.5625,-60,2055,OFF,OFF,Night mode,OFF,54.8,35.0,OFF,OFF,Not pressed,Pressed,0,0
2024-12-17 13:17:29,39.74713916666666,30.4767315,823.0,24.51,3.2,-4,False,49.31,47.69,3221.3,3228.7000000000003,3225.8,48.400000000000006,23.5,18.0,18.0,45,901.0,47.75,116,2058,OFF,OFF,Night mode,OFF,54.8,35.0,OFF,OFF,Not pressed,Pressed,0,0
2024-12-17 13:17:30,39.747139,30.476664666666668,822.9,24.51,3.2,-2,False,49.3,47.68,3186.6000000000004,3198.6000000000004,3195.6000000000004,47.900000000000006,26.0,18.0,18.0,45,901.0,47.625,118,2268,OFF,OFF,Night mode,OFF,54.8,35.0,OFF,OFF,Not pressed,Pressed,0,0
2024-12-17 13:17:31,39.74713916666666,30.476594,822.7,24.56,3.15,0,False,49.29,47.67,3172.4,3189.2000000000003,3185.5,47.8,29.0,18.0,18.0,45,901.0,47.4375,128,2495,OFF,OFF,Night mode,OFF,54.8,35.0,OFF,OFF,Not pressed,Pressed,0,0
2024-12-17 13:17:32,39.7471385,30.476515666666668,822.6,24.56,3.15,4,False,49.28,47.66,3159.3,3184.2000000000003,3177.4,47.7,31.5,18.0,18.0,46,901.0,46.8125,136,2720,OFF,OFF,Night mode,OFF,54.8,35.0,OFF,OFF,Not pressed,Pressed,0,0
2024-12-17 13:17:33,39.7471395,30.4764305,822.5,24.68,3.2,4,False,49.27,47.65,3165.0,3176.7000000000003,3171.3,47.6,34.0,17.0,17.0,45,901.0,46.875,141,2921,OFF,OFF,Night mode,OFF,54.8,35.0,OFF,OFF,Not pressed,Pressed,0,0
2024-12-17 13:17:34,39.74714,30.476337666666662,822.4,24.68,3.2,4,False,49.26,47.64,3171.2000000000003,3178.3,3175.4,47.6,36.0,15.0,15.0,45,901.0,47.25,133,3085,OFF,OFF,Night mode,OFF,54.8,35.0,OFF,OFF,Not pressed,Pressed,0,0
2024-12-17 13:17:35,39.747138666666665,30.476238666666667,822.4,25.1,3.2,-2,2 saat 10 dakika,49.25,47.63,3274.3,3285.9,3279.7000000000003,49.2,36.0,-9.0,-9.0,45,901.0,49.25,-62,3116,OFF,OFF,Night mode,OFF,54.8,35.0,OFF,OFF,Not pressed,Pressed,0,0
2024-12-17 13:17:36,39.74713666666667,30.4761365,822.3,25.1,3.2,-4,2 saat 12 dakika,49.26,47.64,3281.7000000000003,3295.6000000000004,3287.3,49.3,35.5,-9.0,-9.0,45,901.0,49.375,-57,3041,OFF,OFF,Night mode,OFF,54.8,35.0,OFF,OFF,Not pressed,Pressed,0,0
2024-12-17 13:17:37,39.74713366666667,30.47603533333333,822.6,24.56,3.15,-4,2 saat 11 dakika,49.26,47.64,3289.8,3305.2000000000003,3296.1000000000004,49.400000000000006,34.5,-10.0,-10.0,45,901.1,49.625,-61,2975,OFF,OFF,Night mode,OFF,54.8,35.0,OFF,OFF,Not pressed,Pressed,0,0
2024-12-17 13:17:38,39.74713316666666,30.47593683333333,822.4,24.56,3.15,-4,2 saat 8 dakika,49.27,47.65,3291.9,3306.6000000000004,3298.9,49.5,33.5,-11.0,-11.0,45,901.1,49.6875,-67,2895,OFF,OFF,Night mode,OFF,54.8,35.0,OFF,OFF,Not pressed,Pressed,0,0
2024-12-17 13:17:39,39.74713283333333,30.4758405,822.2,24.62,3.15,-6,2 saat 5 dakika,49.28,47.66,3297.1000000000004,3316.9,3303.9,49.6,32.5,-11.0,-11.0,45,901.1,49.625,-66,2799,OFF,OFF,Night mode,OFF,54.8,35.0,OFF,OFF,Not pressed,Pressed,0,0
2024-12-17 13:17:40,39.74713166666667,30.475747166666668,822.0,24.62,3.15,-6,2 saat 1 dakika,49.28,47.66,3301.6000000000004,3314.1000000000004,3308.0,49.6,31.5,-11.0,-11.0,45,901.1,49.625,-60,2715,OFF,OFF,Night mode,OFF,54.8,35.0,OFF,OFF,Not pressed,Pressed,0,0
2024-12-17 13:17:41,39.747131,30.475657,821.7,25.1,3.15,-4,10 saat 8 dakika,49.29,47.67,3269.9,3277.5,3275.0,49.1,31.5,1.0,1.0,45,901.1,48.875,10,2720,ON,OFF,Night mode,OFF,54.8,35.0,OFF,OFF,Not pressed,Pressed,0,0
2024-12-17 13:17:42,39.7471305,30.475568666666668,821.3,25.1,3.15,-4,2 saat 47 dakika,49.29,47.67,3282.6000000000004,3294.6000000000004,3288.3,49.3,32.0,-10.0,-10.0,45,901.1,49.625,-61,2729,ON,OFF,Night mode,OFF,54.8,35.0,OFF,OFF,Not pressed,Pressed,0,0
2024-12-17 13:17:43,39.747129,30.475478666666667,820.9,24.9,3.15,-4,1 saat 58 dakika,49.29,47.67,3306.7000000000003,3315.6000000000004,3312.4,49.6,30.5,-13.0,-13.0,45,901.1,49.8125,-71,2637,ON,OFF,Night mode,OFF,54.8,35.0,OFF,OFF,Not pressed,Pressed,0,0
2024-12-17 13:17:44,39.74712733333333,30.4753905,820.6,24.9,3.15,-6,1 saat 55 dakika,49.3,47.68,3307.8,3325.2000000000003,3314.4,49.7,29.0,-14.0,-15.0,45,901.1,49.75,-72,2499,ON,OFF,Night mode,OFF,54.8,35.0,OFF,OFF,Not pressed,Pressed,0,0
2024-12-17 13:17:45,39.74712516666666,30.475306,820.5,24.66,3.15,-6,1 saat 48 dakika,49.3,47.68,3311.8,3321.4,3317.7000000000003,49.8,27.5,-15.0,-15.0,45,901.1,50.0625,-70,2363,ON,OFF,Night mode,OFF,54.8,35.0,OFF,OFF,Not pressed,Pressed,0,0
2024-12-17 13:17:46,39.74712333333333,30.475226666666668,820.2,24.66,3.15,-8,1 saat 56 dakika,49.31,47.69,3309.0,3322.3,3315.9,49.7,26.0,-15.0,-15.0,46,901.1,50.0625,-64,2223,ON,OFF,Night mode,OFF,54.8,35.0,OFF,OFF,Not pressed,Pressed,0,0
2024-12-17 13:17:47,39.74712216666666,30.4751515,819.8,24.68,3.15,-6,2 saat 7 dakika,49.31,47.69,3310.3,3322.8,3316.7000000000003,49.8,24.0,-15.0,-15.0,45,901.1,49.875,-60,2087,ON,OFF,Night mode,OFF,54.8,35.0,OFF,OFF,Not pressed,Pressed,0,0
2024-12-17 13:17:48,39.7471215,30.475080166666668,819.5,24.68,3.15,-10,2 saat 25 dakika,49.32,47.7,3306.6000000000004,3319.1000000000004,3312.8,49.7,21.0,-15.0,-15.0,45,901.1,49.6875,-51,1816,ON,OFF,Night mode,OFF,54.8,35.0,OFF,OFF,Not pressed,Pressed,0,0
2024-12-17 13:17:49,39.74712183333333,30.475017,819.4,24.83,3.15,-14,3 saat 3 dakika,49.32,47.7,3298.8,3310.7000000000003,3304.5,49.6,17.0,-14.0,-14.0,45,901.1,49.75,-37,1465,ON,OFF,Night mode,OFF,54.8,35.0,OFF,OFF,Not pressed,Pressed,0,0
2024-12-17 13:17:50,39.747128,30.47496483333333,819.1,24.83,3.15,-16,4 saat 22 dakika,49.33,47.71,3288.2000000000003,3296.0,3293.1000000000004,49.400000000000006,13.5,-10.0,-10.0,45,901.1,49.4375,-19,1160,ON,OFF,Night mode,OFF,54.8,35.0,OFF,OFF,Not pressed,Pressed,0,0
2024-12-17 13:17:51,39.7471425,30.47492816666667,818.7,24.86,3.15,-14,6 saat 28 dakika,49.33,47.71,3280.4,3286.8,3285.1000000000004,49.3,13.0,-2.0,-2.0,45,901.1,49.1875,-6,1129,ON,OFF,Night mode,OFF,54.8,35.0,OFF,OFF,Not pressed,Pressed,0,0
2024-12-17 13:17:52,39.74716583333333,30.47490683333333,818.5,24.86,3.15,-4,False,49.32,47.7,3205.2000000000003,3216.8,3213.8,48.2,15.5,28.0,28.0,45,901.1,47.6875,122,1369,OFF,OFF,Night mode,OFF,54.8,35.0,OFF,OFF,Not pressed,Pressed,0,0
2024-12-17 13:17:53,39.747197,30.47489716666667,818.4,24.5,3.15,0,False,49.31,47.69,3196.2000000000003,3203.8,3200.2000000000003,48.0,19.0,22.0,21.0,45,901.2,47.6875,108,1654,OFF,OFF,Night mode,OFF,54.8,35.0,OFF,OFF,Not pressed,Pressed,0,0
2024-12-17 13:17:54,39.74723516666667,30.47489433333333,818.4,24.5,3.15,0,False,49.31,47.69,3237.8,3244.5,3242.5,48.6,20.5,10.0,10.0,45,901.2,48.375,52,1771,OFF,OFF,Night mode,OFF,54.8,35.0,OFF,OFF,Not pressed,Pressed,0,0
2024-12-17 13:17:55,39.74727733333334,30.47489716666667,818.5,24.95,3.15,2,False,49.3,47.68,3231.8,3240.4,3238.0,48.6,21.5,10.0,10.0,45,901.2,48.25,54,1870,OFF,OFF,Night mode,OFF,54.8,35.0,OFF,OFF,Not pressed,Pressed,0,0
2024-12-17 13:17:56,39.74727733333334,30.47489716666667,818.5,24.95,3.15,2,False,49.3,47.68,3233.9,3240.9,3238.7000000000003,48.6,21.5,10.0,10.0,45,901.2,48.25,54,1881,OFF,OFF,Night mode,OFF,54.8,35.0,OFF,OFF,Not pressed,Pressed,0,0
